#
# There is insufficient memory for the Java Runtime Environment to continue.
# Native memory allocation (mmap) failed to map 65536 bytes. Error detail: Failed to commit metaspace.
# Possible reasons:
#   The system is out of physical RAM or swap space
#   This process is running with CompressedOops enabled, and the Java Heap may be blocking the growth of the native heap
# Possible solutions:
#   Reduce memory load on the system
#   Increase physical memory or swap space
#   Check if swap backing store is full
#   Decrease Java heap size (-Xmx/-Xms)
#   Decrease number of Java threads
#   Decrease Java thread stack sizes (-Xss)
#   Set larger code cache with -XX:ReservedCodeCacheSize=
#   JVM is running with Unscaled Compressed Oops mode in which the Java heap is
#     placed in the first 4GB address space. The Java Heap base address is the
#     maximum limit for the native heap growth. Please use -XX:HeapBaseMinAddress
#     to set the Java Heap base and to place the Java Heap above 4GB virtual address.
# This output file may be truncated or incomplete.
#
#  Out of Memory Error (virtualSpaceNode.cpp:113), pid=19920, tid=14648
#
# JRE version: OpenJDK Runtime Environment Temurin-21.0.9+10 (21.0.9+10) (build 21.0.9+10-LTS)
# Java VM: OpenJDK 64-Bit Server VM Temurin-21.0.9+10 (21.0.9+10-LTS, mixed mode, sharing, tiered, compressed oops, compressed class ptrs, parallel gc, windows-amd64)
# No core dump will be written. Minidumps are not enabled by default on client versions of Windows
#

---------------  S U M M A R Y ------------

Command Line: --add-modules=ALL-SYSTEM --add-opens=java.base/java.util=ALL-UNNAMED --add-opens=java.base/java.lang=ALL-UNNAMED --add-opens=java.base/sun.nio.fs=ALL-UNNAMED -Declipse.application=org.eclipse.jdt.ls.core.id1 -Dosgi.bundles.defaultStartLevel=4 -Declipse.product=org.eclipse.jdt.ls.core.product -Djava.import.generatesMetadataFilesAtProjectRoot=false -DDetectVMInstallationsJob.disabled=true -Dfile.encoding=utf8 -XX:+UseParallelGC -XX:GCTimeRatio=4 -XX:AdaptiveSizePolicyWeight=90 -Dsun.zip.disableMemoryMapping=true -Xmx2G -Xms100m -Xlog:disable -javaagent:c:\Users\Wipro\.windsurf\extensions\redhat.java-1.50.0-win32-x64\lombok\lombok-1.18.39-4050.jar -XX:+HeapDumpOnOutOfMemoryError -XX:HeapDumpPath=c:\Users\Wipro\AppData\Roaming\Windsurf\User\workspaceStorage\5ad08d04c02ac3e337a70397266f9eba\redhat.java -Daether.dependencyCollector.impl=bf c:\Users\Wipro\.windsurf\extensions\redhat.java-1.50.0-win32-x64\server\plugins\org.eclipse.equinox.launcher_1.7.100.v20251111-0406.jar -configuration c:\Users\Wipro\AppData\Roaming\Windsurf\User\globalStorage\redhat.java\1.50.0\config_win -data c:\Users\Wipro\AppData\Roaming\Windsurf\User\workspaceStorage\5ad08d04c02ac3e337a70397266f9eba\redhat.java\jdt_ws --pipe=\\.\pipe\lsp-90fe12c40f27f6e46e7dbf9cfd9950a4-sock

Host: Intel(R) Core(TM) i5-8350U CPU @ 1.70GHz, 8 cores, 7G,  Windows 11 , 64 bit Build 26100 (10.0.26100.7019)
Time: Tue Jan  6 09:11:33 2026 South Africa Standard Time elapsed time: 23.109187 seconds (0d 0h 0m 23s)

---------------  T H R E A D  ---------------

Current thread (0x0000019e8959a4c0):  JavaThread "Worker-1: Repository registry initialization"        [_thread_in_vm, id=14648, stack(0x0000007e76800000,0x0000007e76900000) (1024K)]

Stack: [0x0000007e76800000,0x0000007e76900000]
Native frames: (J=compiled Java code, j=interpreted, Vv=VM code, C=native code)
V  [jvm.dll+0x6d6e29]
V  [jvm.dll+0x8b4b76]
V  [jvm.dll+0x8b712e]
V  [jvm.dll+0x8b7813]
V  [jvm.dll+0x283d86]
V  [jvm.dll+0x8b08be]
V  [jvm.dll+0x678824]
V  [jvm.dll+0x1e80ab]
V  [jvm.dll+0x1e7e6e]
V  [jvm.dll+0x67b122]
V  [jvm.dll+0x67af52]
V  [jvm.dll+0x6791fe]
V  [jvm.dll+0x26f054]
V  [jvm.dll+0x219d5f]
V  [jvm.dll+0x20f44e]
V  [jvm.dll+0x5b5a0f]
V  [jvm.dll+0x82dee6]
V  [jvm.dll+0x478438]
V  [jvm.dll+0x47e268]
C  [java.dll+0x17ec]

Java frames: (J=compiled Java code, j=interpreted, Vv=VM code)
J 1127  java.lang.ClassLoader.defineClass1(Ljava/lang/ClassLoader;Ljava/lang/String;[BIILjava/security/ProtectionDomain;Ljava/lang/String;)Ljava/lang/Class; java.base@21.0.9 (0 bytes) @ 0x0000019e35bb3d91 [0x0000019e35bb3cc0+0x00000000000000d1]
J 1844 c1 java.lang.ClassLoader.defineClass(Ljava/lang/String;[BIILjava/security/ProtectionDomain;)Ljava/lang/Class; java.base@21.0.9 (43 bytes) @ 0x0000019e2e3b847c [0x0000019e2e3b8120+0x000000000000035c]
J 5977 c1 java.lang.ClassLoader.defineClass(Ljava/lang/String;[BII)Ljava/lang/Class; java.base@21.0.9 (11 bytes) @ 0x0000019e2eb47b4c [0x0000019e2eb47ac0+0x000000000000008c]
j  java.lang.ClassLoader$$DefineAccessByGuice$$+0x0000019e4353b000.apply(Ljava/lang/Object;Ljava/lang/Object;)Ljava/lang/Object;+15 java.base@21.0.9
j  com.google.inject.internal.aop.GeneratedClassDefiner.define(Ljava/lang/Class;[B)Ljava/lang/Class;+9
j  com.google.inject.internal.aop.UnsafeClassDefiner.define(Ljava/lang/Class;[B)Ljava/lang/Class;+9
j  com.google.inject.internal.aop.ClassDefining.define(Ljava/lang/Class;[B)Ljava/lang/Class;+5
j  com.google.inject.internal.aop.AbstractGlueGenerator.glue(Ljava/util/NavigableMap;)Ljava/util/function/Function;+16
j  com.google.inject.internal.aop.ClassBuilding.buildFastClass(Ljava/lang/Class;)Ljava/util/function/Function;+37
j  com.google.inject.internal.BytecodeGen$1.computeValue(Ljava/lang/Class;)Ljava/util/function/Function;+1
j  com.google.inject.internal.BytecodeGen$1.computeValue(Ljava/lang/Class;)Ljava/lang/Object;+2
j  java.lang.ClassValue.getFromHashMap(Ljava/lang/Class;)Ljava/lang/Object;+29 java.base@21.0.9
j  java.lang.ClassValue.getFromBackup([Ljava/lang/ClassValue$Entry;Ljava/lang/Class;)Ljava/lang/Object;+17 java.base@21.0.9
j  java.lang.ClassValue.get(Ljava/lang/Class;)Ljava/lang/Object;+27 java.base@21.0.9
j  com.google.inject.internal.BytecodeGen.fastClass(Ljava/lang/reflect/Executable;)Ljava/util/function/Function;+7
j  com.google.inject.internal.BytecodeGen.fastConstructor(Ljava/lang/reflect/Constructor;)Ljava/util/function/BiFunction;+8
j  com.google.inject.internal.DefaultConstructionProxyFactory.create()Lcom/google/inject/internal/ConstructionProxy;+18
j  com.google.inject.internal.ProxyFactory.create()Lcom/google/inject/internal/ConstructionProxy;+21
j  com.google.inject.internal.ConstructorInjectorStore.createConstructor(Lcom/google/inject/spi/InjectionPoint;Lcom/google/inject/internal/Errors;)Lcom/google/inject/internal/ConstructorInjector;+127
j  com.google.inject.internal.ConstructorInjectorStore.access$000(Lcom/google/inject/internal/ConstructorInjectorStore;Lcom/google/inject/spi/InjectionPoint;Lcom/google/inject/internal/Errors;)Lcom/google/inject/internal/ConstructorInjector;+3
j  com.google.inject.internal.ConstructorInjectorStore$1.create(Lcom/google/inject/spi/InjectionPoint;Lcom/google/inject/internal/Errors;)Lcom/google/inject/internal/ConstructorInjector;+6
j  com.google.inject.internal.ConstructorInjectorStore$1.create(Ljava/lang/Object;Lcom/google/inject/internal/Errors;)Ljava/lang/Object;+6
J 5957 c1 com.google.inject.internal.FailableCache$1.load(Ljava/lang/Object;)Ljava/lang/Object; (48 bytes) @ 0x0000019e2eb3e8ac [0x0000019e2eb3e680+0x000000000000022c]
J 5859 c1 com.google.common.cache.LocalCache$LoadingValueReference.loadFuture(Ljava/lang/Object;Lcom/google/common/cache/CacheLoader;)Lcom/google/common/util/concurrent/ListenableFuture; (123 bytes) @ 0x0000019e2eafeb3c [0x0000019e2eafe620+0x000000000000051c]
J 5929 c1 com.google.common.cache.LocalCache$Segment.loadSync(Ljava/lang/Object;ILcom/google/common/cache/LocalCache$LoadingValueReference;Lcom/google/common/cache/CacheLoader;)Ljava/lang/Object; (19 bytes) @ 0x0000019e2eb2e45c [0x0000019e2eb2e340+0x000000000000011c]
J 5787 c1 com.google.common.cache.LocalCache$Segment.lockedGetOrLoad(Ljava/lang/Object;ILcom/google/common/cache/CacheLoader;)Ljava/lang/Object; (447 bytes) @ 0x0000019e2ead67f4 [0x0000019e2ead3680+0x0000000000003174]
J 5180 c1 com.google.common.cache.LocalCache$Segment.get(Ljava/lang/Object;ILcom/google/common/cache/CacheLoader;)Ljava/lang/Object; (210 bytes) @ 0x0000019e2e99a164 [0x0000019e2e999e40+0x0000000000000324]
J 5175 c1 com.google.common.cache.LocalCache.get(Ljava/lang/Object;Lcom/google/common/cache/CacheLoader;)Ljava/lang/Object; (21 bytes) @ 0x0000019e2e99880c [0x0000019e2e998700+0x000000000000010c]
J 5956 c1 com.google.inject.internal.FailableCache.get(Ljava/lang/Object;Lcom/google/inject/internal/Errors;)Ljava/lang/Object; (38 bytes) @ 0x0000019e2eb3da74 [0x0000019e2eb3d8e0+0x0000000000000194]
j  com.google.inject.internal.ConstructorInjectorStore.get(Lcom/google/inject/spi/InjectionPoint;Lcom/google/inject/internal/Errors;)Lcom/google/inject/internal/ConstructorInjector;+6
j  com.google.inject.internal.ConstructorBindingImpl.initialize(Lcom/google/inject/internal/InjectorImpl;Lcom/google/inject/internal/Errors;)V+13
j  com.google.inject.internal.InjectorImpl.initializeJitBinding(Lcom/google/inject/internal/BindingImpl;Lcom/google/inject/internal/Errors;)V+34
j  com.google.inject.internal.InjectorImpl.createJustInTimeBinding(Lcom/google/inject/Key;Lcom/google/inject/internal/Errors;ZLcom/google/inject/internal/InjectorImpl$JitLimitation;)Lcom/google/inject/internal/BindingImpl;+210
j  com.google.inject.internal.InjectorImpl.createJustInTimeBindingRecursive(Lcom/google/inject/Key;Lcom/google/inject/internal/Errors;ZLcom/google/inject/internal/InjectorImpl$JitLimitation;)Lcom/google/inject/internal/BindingImpl;+124
j  com.google.inject.internal.InjectorImpl.getJustInTimeBinding(Lcom/google/inject/Key;Lcom/google/inject/internal/Errors;Lcom/google/inject/internal/InjectorImpl$JitLimitation;)Lcom/google/inject/internal/BindingImpl;+160
J 5999 c1 com.google.inject.internal.InjectorImpl.getBindingOrThrow(Lcom/google/inject/Key;Lcom/google/inject/internal/Errors;Lcom/google/inject/internal/InjectorImpl$JitLimitation;)Lcom/google/inject/internal/BindingImpl; (26 bytes) @ 0x0000019e2eb4dd7c [0x0000019e2eb4dc60+0x000000000000011c]
j  com.google.inject.internal.InjectorImpl.getProviderOrThrow(Lcom/google/inject/spi/Dependency;Lcom/google/inject/internal/Errors;)Lcom/google/inject/Provider;+11
j  com.google.inject.internal.InjectorImpl.getProvider(Lcom/google/inject/Key;)Lcom/google/inject/Provider;+22
j  com.google.inject.internal.InjectorImpl.getProvider(Ljava/lang/Class;)Lcom/google/inject/Provider;+13
j  com.google.inject.internal.InjectorImpl.getInstance(Ljava/lang/Class;)Ljava/lang/Object;+2
j  org.eclipse.sisu.space.AbstractDeferredClass.get()Ljava/lang/Object;+8
j  com.google.inject.internal.ProviderInternalFactory.provision(Ljavax/inject/Provider;Lcom/google/inject/spi/Dependency;Lcom/google/inject/internal/ConstructionContext;)Ljava/lang/Object;+1
j  com.google.inject.internal.InternalFactoryToInitializableAdapter.provision(Ljavax/inject/Provider;Lcom/google/inject/spi/Dependency;Lcom/google/inject/internal/ConstructionContext;)Ljava/lang/Object;+4
j  com.google.inject.internal.ProviderInternalFactory$1.call()Ljava/lang/Object;+16
j  com.google.inject.internal.ProvisionListenerStackCallback$Provision.provision()Ljava/lang/Object;+30
j  com.google.inject.internal.ProvisionListenerStackCallback$Provision.provision()Ljava/lang/Object;+118
j  com.google.inject.internal.ProvisionListenerStackCallback.provision(Lcom/google/inject/internal/InternalContext;Lcom/google/inject/internal/ProvisionListenerStackCallback$ProvisionCallback;)Ljava/lang/Object;+14
j  com.google.inject.internal.ProviderInternalFactory.circularGet(Ljavax/inject/Provider;Lcom/google/inject/internal/InternalContext;Lcom/google/inject/spi/Dependency;Lcom/google/inject/internal/ProvisionListenerStackCallback;)Ljava/lang/Object;+91
j  com.google.inject.internal.InternalFactoryToInitializableAdapter.get(Lcom/google/inject/internal/InternalContext;Lcom/google/inject/spi/Dependency;Z)Ljava/lang/Object;+19
j  com.google.inject.internal.ProviderToInternalFactoryAdapter.get()Ljava/lang/Object;+18
j  com.google.inject.internal.SingletonScope$1.get()Ljava/lang/Object;+58
j  com.google.inject.internal.InternalFactoryToProviderAdapter.get(Lcom/google/inject/internal/InternalContext;Lcom/google/inject/spi/Dependency;Z)Ljava/lang/Object;+9
j  com.google.inject.internal.InjectorImpl$1.get()Ljava/lang/Object;+18
j  org.eclipse.sisu.inject.LazyBeanEntry.getValue()Ljava/lang/Object;+4
j  org.eclipse.sisu.plexus.LazyPlexusBean.getValue()Ljava/lang/Object;+4
j  org.eclipse.sisu.plexus.PlexusRequirements$RequirementProvider.get()Ljava/lang/Object;+28
j  org.eclipse.sisu.plexus.ProvidedPropertyBinding.injectProperty(Ljava/lang/Object;)V+9
j  org.eclipse.sisu.bean.BeanInjector.injectMembers(Ljava/lang/Object;)V+26
j  com.google.inject.internal.MembersInjectorImpl.injectMembers(Ljava/lang/Object;Lcom/google/inject/internal/InternalContext;Z)V+115
j  com.google.inject.internal.ConstructorInjector.provision(Lcom/google/inject/internal/InternalContext;Lcom/google/inject/internal/ConstructionContext;)Ljava/lang/Object;+59
j  com.google.inject.internal.ConstructorInjector.access$000(Lcom/google/inject/internal/ConstructorInjector;Lcom/google/inject/internal/InternalContext;Lcom/google/inject/internal/ConstructionContext;)Ljava/lang/Object;+3
j  com.google.inject.internal.ConstructorInjector$1.call()Ljava/lang/Object;+12
j  com.google.inject.internal.ProvisionListenerStackCallback$Provision.provision()Ljava/lang/Object;+30
j  com.google.inject.internal.ProvisionListenerStackCallback$Provision.provision()Ljava/lang/Object;+118
j  com.google.inject.internal.ProvisionListenerStackCallback.provision(Lcom/google/inject/internal/InternalContext;Lcom/google/inject/internal/ProvisionListenerStackCallback$ProvisionCallback;)Ljava/lang/Object;+14
j  com.google.inject.internal.ConstructorInjector.construct(Lcom/google/inject/internal/InternalContext;Lcom/google/inject/spi/Dependency;Lcom/google/inject/internal/ProvisionListenerStackCallback;)Ljava/lang/Object;+113
j  com.google.inject.internal.ConstructorBindingImpl$Factory.get(Lcom/google/inject/internal/InternalContext;Lcom/google/inject/spi/Dependency;Z)Ljava/lang/Object;+48
j  com.google.inject.internal.InjectorImpl$1.get()Ljava/lang/Object;+18
j  com.google.inject.internal.InjectorImpl.getInstance(Ljava/lang/Class;)Ljava/lang/Object;+5
j  org.eclipse.sisu.space.AbstractDeferredClass.get()Ljava/lang/Object;+8
j  com.google.inject.internal.ProviderInternalFactory.provision(Ljavax/inject/Provider;Lcom/google/inject/spi/Dependency;Lcom/google/inject/internal/ConstructionContext;)Ljava/lang/Object;+1
j  com.google.inject.internal.InternalFactoryToInitializableAdapter.provision(Ljavax/inject/Provider;Lcom/google/inject/spi/Dependency;Lcom/google/inject/internal/ConstructionContext;)Ljava/lang/Object;+4
j  com.google.inject.internal.ProviderInternalFactory$1.call()Ljava/lang/Object;+16
j  com.google.inject.internal.ProvisionListenerStackCallback$Provision.provision()Ljava/lang/Object;+30
j  com.google.inject.internal.ProvisionListenerStackCallback$Provision.provision()Ljava/lang/Object;+118
j  com.google.inject.internal.ProvisionListenerStackCallback.provision(Lcom/google/inject/internal/InternalContext;Lcom/google/inject/internal/ProvisionListenerStackCallback$ProvisionCallback;)Ljava/lang/Object;+14
j  com.google.inject.internal.ProviderInternalFactory.circularGet(Ljavax/inject/Provider;Lcom/google/inject/internal/InternalContext;Lcom/google/inject/spi/Dependency;Lcom/google/inject/internal/ProvisionListenerStackCallback;)Ljava/lang/Object;+91
j  com.google.inject.internal.InternalFactoryToInitializableAdapter.get(Lcom/google/inject/internal/InternalContext;Lcom/google/inject/spi/Dependency;Z)Ljava/lang/Object;+19
j  com.google.inject.internal.ProviderToInternalFactoryAdapter.get()Ljava/lang/Object;+18
j  com.google.inject.internal.SingletonScope$1.get()Ljava/lang/Object;+58
j  com.google.inject.internal.InternalFactoryToProviderAdapter.get(Lcom/google/inject/internal/InternalContext;Lcom/google/inject/spi/Dependency;Z)Ljava/lang/Object;+9
j  com.google.inject.internal.InjectorImpl$1.get()Ljava/lang/Object;+18
j  org.eclipse.sisu.inject.LazyBeanEntry.getValue()Ljava/lang/Object;+4
j  org.eclipse.sisu.plexus.LazyPlexusBean.getValue()Ljava/lang/Object;+4
j  org.eclipse.sisu.plexus.PlexusRequirements$RequirementProvider.get()Ljava/lang/Object;+28
j  org.eclipse.sisu.plexus.ProvidedPropertyBinding.injectProperty(Ljava/lang/Object;)V+9
j  org.eclipse.sisu.bean.BeanInjector.injectMembers(Ljava/lang/Object;)V+26
j  com.google.inject.internal.MembersInjectorImpl.injectMembers(Ljava/lang/Object;Lcom/google/inject/internal/InternalContext;Z)V+115
j  com.google.inject.internal.ConstructorInjector.provision(Lcom/google/inject/internal/InternalContext;Lcom/google/inject/internal/ConstructionContext;)Ljava/lang/Object;+59
j  com.google.inject.internal.ConstructorInjector.access$000(Lcom/google/inject/internal/ConstructorInjector;Lcom/google/inject/internal/InternalContext;Lcom/google/inject/internal/ConstructionContext;)Ljava/lang/Object;+3
j  com.google.inject.internal.ConstructorInjector$1.call()Ljava/lang/Object;+12
j  com.google.inject.internal.ProvisionListenerStackCallback$Provision.provision()Ljava/lang/Object;+30
j  com.google.inject.internal.ProvisionListenerStackCallback$Provision.provision()Ljava/lang/Object;+118
j  com.google.inject.internal.ProvisionListenerStackCallback.provision(Lcom/google/inject/internal/InternalContext;Lcom/google/inject/internal/ProvisionListenerStackCallback$ProvisionCallback;)Ljava/lang/Object;+14
j  com.google.inject.internal.ConstructorInjector.construct(Lcom/google/inject/internal/InternalContext;Lcom/google/inject/spi/Dependency;Lcom/google/inject/internal/ProvisionListenerStackCallback;)Ljava/lang/Object;+113
j  com.google.inject.internal.ConstructorBindingImpl$Factory.get(Lcom/google/inject/internal/InternalContext;Lcom/google/inject/spi/Dependency;Z)Ljava/lang/Object;+48
j  com.google.inject.internal.InjectorImpl$1.get()Ljava/lang/Object;+18
j  com.google.inject.internal.InjectorImpl.getInstance(Ljava/lang/Class;)Ljava/lang/Object;+5
j  org.eclipse.sisu.space.AbstractDeferredClass.get()Ljava/lang/Object;+8
j  com.google.inject.internal.ProviderInternalFactory.provision(Ljavax/inject/Provider;Lcom/google/inject/spi/Dependency;Lcom/google/inject/internal/ConstructionContext;)Ljava/lang/Object;+1
j  com.google.inject.internal.InternalFactoryToInitializableAdapter.provision(Ljavax/inject/Provider;Lcom/google/inject/spi/Dependency;Lcom/google/inject/internal/ConstructionContext;)Ljava/lang/Object;+4
j  com.google.inject.internal.ProviderInternalFactory$1.call()Ljava/lang/Object;+16
j  com.google.inject.internal.ProvisionListenerStackCallback$Provision.provision()Ljava/lang/Object;+30
j  org.eclipse.sisu.bean.BeanScheduler$CycleActivator.onProvision(Lcom/google/inject/spi/ProvisionListener$ProvisionInvocation;)V+62
j  com.google.inject.internal.ProvisionListenerStackCallback$Provision.provision()Ljava/lang/Object;+85
j  com.google.inject.internal.ProvisionListenerStackCallback.provision(Lcom/google/inject/internal/InternalContext;Lcom/google/inject/internal/ProvisionListenerStackCallback$ProvisionCallback;)Ljava/lang/Object;+14
j  com.google.inject.internal.ProviderInternalFactory.circularGet(Ljavax/inject/Provider;Lcom/google/inject/internal/InternalContext;Lcom/google/inject/spi/Dependency;Lcom/google/inject/internal/ProvisionListenerStackCallback;)Ljava/lang/Object;+91
j  com.google.inject.internal.InternalFactoryToInitializableAdapter.get(Lcom/google/inject/internal/InternalContext;Lcom/google/inject/spi/Dependency;Z)Ljava/lang/Object;+19
j  com.google.inject.internal.ProviderToInternalFactoryAdapter.get()Ljava/lang/Object;+18
j  com.google.inject.internal.SingletonScope$1.get()Ljava/lang/Object;+58
j  com.google.inject.internal.InternalFactoryToProviderAdapter.get(Lcom/google/inject/internal/InternalContext;Lcom/google/inject/spi/Dependency;Z)Ljava/lang/Object;+9
j  com.google.inject.internal.InjectorImpl$1.get()Ljava/lang/Object;+18
j  org.eclipse.sisu.inject.LazyBeanEntry.getValue()Ljava/lang/Object;+4
j  org.eclipse.sisu.plexus.LazyPlexusBean.getValue()Ljava/lang/Object;+4
j  org.codehaus.plexus.DefaultPlexusContainer.lookup(Ljava/lang/Class;Ljava/lang/String;Ljava/lang/String;)Ljava/lang/Object;+27
j  org.codehaus.plexus.DefaultPlexusContainer.lookup(Ljava/lang/Class;Ljava/lang/String;)Ljava/lang/Object;+4
j  org.codehaus.plexus.DefaultPlexusContainer.lookup(Ljava/lang/Class;)Ljava/lang/Object;+5
j  org.eclipse.m2e.core.internal.embedder.MavenImpl.lookup(Ljava/lang/Class;)Ljava/lang/Object;+58
j  org.eclipse.m2e.core.internal.embedder.MavenExecutionContext.updateLocalRepository(Lorg/apache/maven/execution/MavenExecutionRequest;Ljava/io/File;Lorg/eclipse/m2e/core/embedder/IComponentLookup;)V+4
j  org.eclipse.m2e.core.internal.embedder.MavenExecutionContext.createExecutionRequest(Lorg/eclipse/m2e/core/embedder/IMavenConfiguration;Lorg/eclipse/m2e/core/embedder/IComponentLookup;Lorg/eclipse/m2e/core/embedder/MavenSettingsLocations;Ljava/io/File;)Lorg/apache/maven/execution/MavenExecutionRequest;+118
j  org.eclipse.m2e.core.internal.embedder.MavenExecutionContext.newExecutionRequest()Lorg/apache/maven/execution/MavenExecutionRequest;+153
j  org.eclipse.m2e.core.internal.embedder.MavenExecutionContext.execute(Lorg/apache/maven/project/MavenProject;Lorg/eclipse/m2e/core/embedder/ICallable;Lorg/eclipse/core/runtime/IProgressMonitor;)Ljava/lang/Object;+131
j  org.eclipse.m2e.core.internal.embedder.MavenExecutionContext.execute(Lorg/eclipse/m2e/core/embedder/ICallable;Lorg/eclipse/core/runtime/IProgressMonitor;)Ljava/lang/Object;+4
j  org.eclipse.m2e.core.internal.embedder.MavenImpl.getMirrors()Ljava/util/List;+10
j  org.eclipse.m2e.core.internal.repository.RepositoryRegistry.updateRegistry(Lorg/eclipse/core/runtime/IProgressMonitor;)V+14
j  org.eclipse.m2e.core.internal.repository.RepositoryRegistryUpdateJob.run(Lorg/eclipse/core/runtime/IProgressMonitor;)Lorg/eclipse/core/runtime/IStatus;+27
j  org.eclipse.core.internal.jobs.Worker.run()V+32
v  ~StubRoutines::call_stub 0x0000019e355a100d

Compiled method (n/a) 23984 1127     n 0       java.lang.ClassLoader::defineClass1 (native)
 total in heap  [0x0000019e35bb3b10,0x0000019e35bb3f98] = 1160
 relocation     [0x0000019e35bb3c70,0x0000019e35bb3ca8] = 56
 main code      [0x0000019e35bb3cc0,0x0000019e35bb3f96] = 726
 stub code      [0x0000019e35bb3f96,0x0000019e35bb3f98] = 2

[Constant Pool (empty)]

[MachCode]
[Entry Point]
  # {method} {0x0000019e42436820} 'defineClass1' '(Ljava/lang/ClassLoader;Ljava/lang/String;[BIILjava/security/ProtectionDomain;Ljava/lang/String;)Ljava/lang/Class;' in 'java/lang/ClassLoader'
  # parm0:    rdx:rdx   = 'java/lang/ClassLoader'
  # parm1:    r8:r8     = 'java/lang/String'
  # parm2:    r9:r9     = '[B'
  # parm3:    rdi       = int
  # parm4:    rsi       = int
  # parm5:    rcx:rcx   = 'java/security/ProtectionDomain'
  # parm6:    [sp+0xa0]   = 'java/lang/String'  (sp of caller)
  0x0000019e35bb3cc0: 448b 5208 | 49bb 0000 | 0042 9e01 | 0000 4d03 | d349 3bc2 | 0f84 0600 

  0x0000019e35bb3cd8: ;   {runtime_call ic_miss_stub}
  0x0000019e35bb3cd8: 0000 e9a1 | a7a3 ff90 
[Verified Entry Point]
  0x0000019e35bb3ce0: 8984 2400 | 80ff ff55 | 488b ec48 | 81ec 9000 | 0000 6690 | 4181 7f20 | 0300 0000 

  0x0000019e35bb3cfc: ;   {runtime_call StubRoutines (final stubs)}
  0x0000019e35bb3cfc: 7405 e8dd | 4ca2 ff48 | 837d 1000 | 488d 4510 | 480f 4445 | 1048 8944 | 2440 4889 | 4c24 7048 
  0x0000019e35bb3d1c: 83f9 0048 | 8d44 2470 | 480f 4444 | 2470 4889 | 4424 3848 | 8974 2430 | 4889 7c24 | 284c 894c 
  0x0000019e35bb3d3c: 2458 4983 | f900 488d | 4424 5848 | 0f44 4424 | 5848 8944 | 2420 4c89 | 4424 5049 | 83f8 004c 
  0x0000019e35bb3d5c: 8d4c 2450 | 4c0f 444c | 2450 4889 | 5424 4848 | 83fa 004c | 8d44 2448 | 4c0f 4444 

  0x0000019e35bb3d78: ;   {oop(a 'java/lang/Class'{0x0000000080732d00} = 'java/lang/ClassLoader')}
  0x0000019e35bb3d78: 2448 49be | 002d 7380 | 0000 0000 | 4c89 7424 | 784c 8d74 | 2478 498b | d6c5 f877 

  0x0000019e35bb3d94: ;   {internal_word}
  0x0000019e35bb3d94: 49ba 913d | bb35 9e01 | 0000 4d89 | 97a0 0300 | 0049 89a7 | 9803 0000 

  0x0000019e35bb3dac: ;   {external_word}
  0x0000019e35bb3dac: 49ba cf4d | 406b fe7f | 0000 4180 | 3a00 0f84 | 4e00 0000 | 5241 5041 

  0x0000019e35bb3dc4: ;   {metadata({method} {0x0000019e42436820} 'defineClass1' '(Ljava/lang/ClassLoader;Ljava/lang/String;[BIILjava/security/ProtectionDomain;Ljava/lang/String;)Ljava/lang/Class;' in 'java/lang/ClassLoader')}
  0x0000019e35bb3dc4: 5148 ba18 | 6843 429e | 0100 0049 | 8bcf 4883 | ec20 40f6 | c40f 0f84 | 1900 0000 | 4883 ec08 
  0x0000019e35bb3de4: ;   {runtime_call}
  0x0000019e35bb3de4: 48b8 40d5 | e96a fe7f | 0000 ffd0 | 4883 c408 | e90c 0000 

  0x0000019e35bb3df8: ;   {runtime_call}
  0x0000019e35bb3df8: 0048 b840 | d5e9 6afe | 7f00 00ff | d048 83c4 | 2041 5941 | 585a 498d | 8fb8 0300 | 0041 c787 
  0x0000019e35bb3e18: 4404 0000 | 0400 0000 

  0x0000019e35bb3e20: ;   {runtime_call}
  0x0000019e35bb3e20: 48b8 ac16 | 85ed fe7f | 0000 ffd0 | c5f8 7741 | c787 4404 | 0000 0500 | 0000 f083 | 4424 c000 
  0x0000019e35bb3e40: 493b af48 | 0400 000f | 870e 0000 | 0041 83bf | 4004 0000 | 000f 842b | 0000 00c5 | f877 4889 
  0x0000019e35bb3e60: 45f8 498b | cf4c 8be4 | 4883 ec20 | 4883 e4f0 

  0x0000019e35bb3e70: ;   {runtime_call}
  0x0000019e35bb3e70: 48b8 e04b | b56a fe7f | 0000 ffd0 | 498b e44d | 33e4 488b | 45f8 41c7 | 8744 0400 | 0008 0000 
  0x0000019e35bb3e90: 0041 83bf | c004 0000 | 020f 84ca 

  0x0000019e35bb3e9c: ;   {external_word}
  0x0000019e35bb3e9c: 0000 0049 | bacf 4d40 | 6bfe 7f00 | 0041 803a | 000f 844c | 0000 0048 

  0x0000019e35bb3eb4: ;   {metadata({method} {0x0000019e42436820} 'defineClass1' '(Ljava/lang/ClassLoader;Ljava/lang/String;[BIILjava/security/ProtectionDomain;Ljava/lang/String;)Ljava/lang/Class;' in 'java/lang/ClassLoader')}
  0x0000019e35bb3eb4: 8945 f848 | ba18 6843 | 429e 0100 | 0049 8bcf | 4883 ec20 | 40f6 c40f | 0f84 1900 | 0000 4883 
  0x0000019e35bb3ed4: ;   {runtime_call}
  0x0000019e35bb3ed4: ec08 48b8 | 40d5 e96a | fe7f 0000 | ffd0 4883 | c408 e90c 

  0x0000019e35bb3ee8: ;   {runtime_call}
  0x0000019e35bb3ee8: 0000 0048 | b840 d5e9 | 6afe 7f00 | 00ff d048 | 83c4 2048 | 8b45 f849 | c787 9803 | 0000 0000 
  0x0000019e35bb3f08: 0000 49c7 | 87a0 0300 | 0000 0000 | 00c5 f877 | 4885 c00f | 8425 0000 | 00a8 030f | 8508 0000 
  0x0000019e35bb3f28: 0048 8b00 | e915 0000 | 00a8 010f | 8509 0000 | 0048 8b40 | fee9 0400 | 0000 488b | 40ff 498b 
  0x0000019e35bb3f48: 8f28 0400 | 00c7 8100 | 0100 0000 | 0000 00c9 | 4983 7f08 | 000f 8501 | 0000 00c3 

  0x0000019e35bb3f64: ;   {runtime_call StubRoutines (initial stubs)}
  0x0000019e35bb3f64: e997 cf9e | ffc5 f877 | 4889 45f8 | 4c8b e448 | 83ec 2048 

  0x0000019e35bb3f78: ;   {runtime_call}
  0x0000019e35bb3f78: 83e4 f048 | b890 0cea | 6afe 7f00 | 00ff d049 | 8be4 4d33 | e448 8b45 | f8e9 09ff | ffff f4f4 
[/MachCode]


Compiled method (c1) 24004 1844       3       java.lang.ClassLoader::defineClass (43 bytes)
 total in heap  [0x0000019e2e3b7f10,0x0000019e2e3b8870] = 2400
 relocation     [0x0000019e2e3b8070,0x0000019e2e3b8110] = 160
 main code      [0x0000019e2e3b8120,0x0000019e2e3b85c0] = 1184
 stub code      [0x0000019e2e3b85c0,0x0000019e2e3b8638] = 120
 metadata       [0x0000019e2e3b8638,0x0000019e2e3b8668] = 48
 scopes data    [0x0000019e2e3b8668,0x0000019e2e3b8758] = 240
 scopes pcs     [0x0000019e2e3b8758,0x0000019e2e3b8838] = 224
 dependencies   [0x0000019e2e3b8838,0x0000019e2e3b8848] = 16
 nul chk table  [0x0000019e2e3b8848,0x0000019e2e3b8870] = 40

[Constant Pool (empty)]

[MachCode]
[Entry Point]
  # {method} {0x0000019e42436ba0} 'defineClass' '(Ljava/lang/String;[BIILjava/security/ProtectionDomain;)Ljava/lang/Class;' in 'java/lang/ClassLoader'
  # this:     rdx:rdx   = 'java/lang/ClassLoader'
  # parm0:    r8:r8     = 'java/lang/String'
  # parm1:    r9:r9     = '[B'
  # parm2:    rdi       = int
  # parm3:    rsi       = int
  # parm4:    rcx:rcx   = 'java/security/ProtectionDomain'
  #           [sp+0xc0]  (sp of caller)
  0x0000019e2e3b8120: 448b 5208 | 49bb 0000 | 0042 9e01 | 0000 4d03 | d34c 3bd0 

  0x0000019e2e3b8134: ;   {runtime_call ic_miss_stub}
  0x0000019e2e3b8134: 0f85 4663 | 2307 660f | 1f44 0000 
[Verified Entry Point]
  0x0000019e2e3b8140: 8984 2400 | 80ff ff55 | 4881 ecb0 | 0000 0090 | 4181 7f20 | 0300 0000 

  0x0000019e2e3b8158: ;   {runtime_call StubRoutines (final stubs)}
  0x0000019e2e3b8158: 7405 e881 | 0822 0748 | 8954 2478 

  0x0000019e2e3b8164: ;   {metadata(method data for {method} {0x0000019e42436ba0} 'defineClass' '(Ljava/lang/String;[BIILjava/security/ProtectionDomain;)Ljava/lang/Class;' in 'java/lang/ClassLoader')}
  0x0000019e2e3b8164: 48bb d0c8 | 3685 9e01 | 0000 8b83 | cc00 0000 | 83c0 0289 | 83cc 0000 | 0025 fe07 | 0000 85c0 
  0x0000019e2e3b8184: 0f84 5803 | 0000 89b4 | 2494 0000 | 0089 bc24 | 9000 0000 | 4c89 8c24 | 8800 0000 

  0x0000019e2e3b81a0: ;   {metadata(method data for {method} {0x0000019e42436ba0} 'defineClass' '(Ljava/lang/String;[BIILjava/security/ProtectionDomain;)Ljava/lang/Class;' in 'java/lang/ClassLoader')}
  0x0000019e2e3b81a0: 488b da48 | b8d0 c836 | 859e 0100 | 0048 8380 | 1001 0000 | 0149 8bd8 | 4c8b c34c | 8bc9 488b 
  0x0000019e2e3b81c0: ca48 8bd1 | 4889 9c24 | 8000 0000 

  0x0000019e2e3b81cc: ;   {optimized virtual_call}
  0x0000019e2e3b81cc: 6666 90e8 

  0x0000019e2e3b81d0: ; ImmutableOopMap {[120]=Oop [128]=Oop [136]=Oop }
                      ;*invokevirtual preDefineClass {reexecute=0 rethrow=0 return_oop=0}
                      ; - java.lang.ClassLoader::defineClass@4
  0x0000019e2e3b81d0: cc98 efff 

  0x0000019e2e3b81d4: ;   {other}
  0x0000019e2e3b81d4: 0f1f 8400 | c402 0000 | 4889 8424 | 9800 0000 | 488b 5424 

  0x0000019e2e3b81e8: ;   {metadata(method data for {method} {0x0000019e42436ba0} 'defineClass' '(Ljava/lang/String;[BIILjava/security/ProtectionDomain;)Ljava/lang/Class;' in 'java/lang/ClassLoader')}
  0x0000019e2e3b81e8: 7849 b8d0 | c836 859e | 0100 0049 | 8380 4801 

  0x0000019e2e3b81f8: ;   {metadata(method data for {method} {0x0000019e42436888} 'defineClassSourceLocation' '(Ljava/security/ProtectionDomain;)Ljava/lang/String;' in 'java/lang/ClassLoader')}
  0x0000019e2e3b81f8: 0000 0149 | b8e8 cf36 | 859e 0100 | 0041 8b90 | cc00 0000 | 83c2 0241 | 8990 cc00 | 0000 81e2 
  0x0000019e2e3b8218: feff 1f00 | 85d2 0f84 | df02 0000 

  0x0000019e2e3b8224: ; implicit exception: dispatches to 0x0000019e2e3b8524
  0x0000019e2e3b8224: 483b 004c 

  0x0000019e2e3b8228: ;   {metadata(method data for {method} {0x0000019e42436888} 'defineClassSourceLocation' '(Ljava/security/ProtectionDomain;)Ljava/lang/String;' in 'java/lang/ClassLoader')}
  0x0000019e2e3b8228: 8bc0 48ba | e8cf 3685 | 9e01 0000 | 4883 8210 | 0100 0001 | 448b 4010 

  0x0000019e2e3b8240: ;   {metadata(method data for {method} {0x0000019e42436888} 'defineClassSourceLocation' '(Ljava/security/ProtectionDomain;)Ljava/lang/String;' in 'java/lang/ClassLoader')}
  0x0000019e2e3b8240: 4d85 c048 | bae8 cf36 | 859e 0100 | 0048 c7c6 | 5801 0000 | 7507 48c7 | c648 0100 | 0048 8b3c 
  0x0000019e2e3b8260: 3248 8d7f | 0148 893c | 320f 850f 

  0x0000019e2e3b826c: ;   {oop(nullptr)}
  0x0000019e2e3b826c: 0000 0048 | bb00 0000 | 0000 0000 | 00e9 a901 | 0000 493b | 0049 8bd0 

  0x0000019e2e3b8284: ;   {metadata(method data for {method} {0x0000019e42436888} 'defineClassSourceLocation' '(Ljava/security/ProtectionDomain;)Ljava/lang/String;' in 'java/lang/ClassLoader')}
  0x0000019e2e3b8284: 48be e8cf | 3685 9e01 | 0000 4883 | 8668 0100 | 0001 418b | 500c 4885 

  0x0000019e2e3b829c: ;   {metadata(method data for {method} {0x0000019e42436888} 'defineClassSourceLocation' '(Ljava/security/ProtectionDomain;)Ljava/lang/String;' in 'java/lang/ClassLoader')}
  0x0000019e2e3b829c: d248 bee8 | cf36 859e | 0100 0048 | c7c7 b001 | 0000 7507 | 48c7 c7a0 | 0100 0048 | 8b1c 3e48 
  0x0000019e2e3b82bc: 8d5b 0148 | 891c 3e0f | 850f 0000 

  0x0000019e2e3b82c8: ;   {oop(nullptr)}
  0x0000019e2e3b82c8: 0048 bb00 | 0000 0000 | 0000 00e9 | 4f01 0000 

  0x0000019e2e3b82d8: ;   {metadata(method data for {method} {0x0000019e42436888} 'defineClassSourceLocation' '(Ljava/security/ProtectionDomain;)Ljava/lang/String;' in 'java/lang/ClassLoader')}
  0x0000019e2e3b82d8: 48be e8cf | 3685 9e01 | 0000 4883 | 86c0 0100 | 0001 483b | 024c 8bc2 

  0x0000019e2e3b82f0: ;   {metadata(method data for {method} {0x0000019e42436888} 'defineClassSourceLocation' '(Ljava/security/ProtectionDomain;)Ljava/lang/String;' in 'java/lang/ClassLoader')}
  0x0000019e2e3b82f0: 48be e8cf | 3685 9e01 | 0000 4883 | 86f8 0100 

  0x0000019e2e3b8300: ;   {metadata(method data for {method} {0x0000019e4201abf0} 'toString' '()Ljava/lang/String;' in 'java/net/URL')}
  0x0000019e2e3b8300: 0001 49b8 | b8c3 3685 | 9e01 0000 | 418b b0cc | 0000 0083 | c602 4189 | b0cc 0000 | 0081 e6fe 
  0x0000019e2e3b8320: ff1f 0085 | f60f 8408 | 0200 004c 

  0x0000019e2e3b832c: ;   {metadata(method data for {method} {0x0000019e4201abf0} 'toString' '()Ljava/lang/String;' in 'java/net/URL')}
  0x0000019e2e3b832c: 8bc2 48be | b8c3 3685 | 9e01 0000 | 4883 8610 | 0100 0001 

  0x0000019e2e3b8340: ;   {metadata(method data for {method} {0x0000019e4242a428} 'toExternalForm' '()Ljava/lang/String;' in 'java/net/URL')}
  0x0000019e2e3b8340: 49b8 685b | 3685 9e01 | 0000 418b | b0cc 0000 | 0083 c602 | 4189 b0cc | 0000 0081 | e6fe ff1f 
  0x0000019e2e3b8360: 0085 f60f | 84eb 0100 | 008b 7238 

  0x0000019e2e3b836c: ; implicit exception: dispatches to 0x0000019e2e3b8575
  0x0000019e2e3b836c: 483b 064c 

  0x0000019e2e3b8370: ;   {metadata(method data for {method} {0x0000019e4242a428} 'toExternalForm' '()Ljava/lang/String;' in 'java/net/URL')}
  0x0000019e2e3b8370: 8bc6 48bf | 685b 3685 | 9e01 0000 | 458b 4008 | 49ba 0000 | 0042 9e01 | 0000 4d03 | c24c 3b87 
  0x0000019e2e3b8390: 2001 0000 | 750d 4883 | 8728 0100 | 0001 e960 | 0000 004c | 3b87 3001 | 0000 750d | 4883 8738 
  0x0000019e2e3b83b0: 0100 0001 | e94a 0000 | 0048 83bf | 2001 0000 | 0075 174c | 8987 2001 | 0000 48c7 | 8728 0100 
  0x0000019e2e3b83d0: 0001 0000 | 00e9 2900 | 0000 4883 | bf30 0100 | 0000 7517 | 4c89 8730 | 0100 0048 | c787 3801 
  0x0000019e2e3b83f0: 0000 0100 | 0000 e908 | 0000 0048 | 8387 1001 | 0000 014c | 8bc2 488b | d60f 1f40 | 0048 b8ff 
  0x0000019e2e3b8410: ffff ffff 

  0x0000019e2e3b8414: ;   {virtual_call}
  0x0000019e2e3b8414: ffff ffe8 

  0x0000019e2e3b8418: ; ImmutableOopMap {[120]=Oop [128]=Oop [136]=Oop [152]=Oop }
                      ;*invokevirtual toExternalForm {reexecute=0 rethrow=0 return_oop=0}
                      ; - java.net.URL::toExternalForm@5
                      ; - java.net.URL::toString@1
                      ; - java.lang.ClassLoader::defineClassSourceLocation@22
                      ; - java.lang.ClassLoader::defineClass@12
  0x0000019e2e3b8418: 3420 2f07 

  0x0000019e2e3b841c: ;   {other}
  0x0000019e2e3b841c: 0f1f 8400 | 0c05 0001 | 488b d848 | 8b84 2498 | 0000 008b | b424 9400 | 0000 8bbc | 2490 0000 
  0x0000019e2e3b843c: 004c 8b8c | 2488 0000 | 004c 8b84 | 2480 0000 | 0048 8b54 

  0x0000019e2e3b8450: ;   {metadata(method data for {method} {0x0000019e42436ba0} 'defineClass' '(Ljava/lang/String;[BIILjava/security/ProtectionDomain;)Ljava/lang/Class;' in 'java/lang/ClassLoader')}
  0x0000019e2e3b8450: 2478 48b9 | d0c8 3685 | 9e01 0000 | 4883 8180 | 0100 0001 | 4c8b da49 | 8bd3 488b | c848 891c 
  0x0000019e2e3b8470: 2466 0f1f 

  0x0000019e2e3b8474: ;   {static_call}
  0x0000019e2e3b8474: 4400 00e8 

  0x0000019e2e3b8478: ; ImmutableOopMap {[120]=Oop [152]=Oop }
                      ;*invokestatic defineClass1 {reexecute=0 rethrow=0 return_oop=0}
                      ; - java.lang.ClassLoader::defineClass@27
  0x0000019e2e3b8478: 64b8 7f07 

  0x0000019e2e3b847c: ;   {other}
  0x0000019e2e3b847c: 0f1f 8400 | 6c05 0002 | 488b 5424 

  0x0000019e2e3b8488: ;   {metadata(method data for {method} {0x0000019e42436ba0} 'defineClass' '(Ljava/lang/String;[BIILjava/security/ProtectionDomain;)Ljava/lang/Class;' in 'java/lang/ClassLoader')}
  0x0000019e2e3b8488: 7849 b8d0 | c836 859e | 0100 0049 | 8380 9001 | 0000 014c | 8bc0 4c8b | 8c24 9800 | 0000 488b 
  0x0000019e2e3b84a8: 5424 7848 | 8984 24a0 | 0000 000f 

  0x0000019e2e3b84b4: ;   {optimized virtual_call}
  0x0000019e2e3b84b4: 1f40 00e8 

  0x0000019e2e3b84b8: ; ImmutableOopMap {[160]=Oop }
                      ;*invokevirtual postDefineClass {reexecute=0 rethrow=0 return_oop=0}
                      ; - java.lang.ClassLoader::defineClass@37
  0x0000019e2e3b84b8: e421 f9ff 

  0x0000019e2e3b84bc: ;   {other}
  0x0000019e2e3b84bc: 0f1f 8400 | ac05 0003 | 488b 8424 | a000 0000 | 4881 c4b0 | 0000 005d 

  0x0000019e2e3b84d4: ;   {poll_return}
  0x0000019e2e3b84d4: 493b a748 | 0400 000f | 8799 0000 

  0x0000019e2e3b84e0: ;   {metadata({method} {0x0000019e42436ba0} 'defineClass' '(Ljava/lang/String;[BIILjava/security/ProtectionDomain;)Ljava/lang/Class;' in 'java/lang/ClassLoader')}
  0x0000019e2e3b84e0: 00c3 49ba | 986b 4342 | 9e01 0000 | 4c89 5424 | 0848 c704 | 24ff ffff 

  0x0000019e2e3b84f8: ;   {runtime_call counter_overflow Runtime1 stub}
  0x0000019e2e3b84f8: ffe8 82d7 

  0x0000019e2e3b84fc: ; ImmutableOopMap {rdx=Oop r8=Oop r9=Oop rcx=Oop [120]=Oop }
                      ;*synchronization entry
                      ; - java.lang.ClassLoader::defineClass@-1
  0x0000019e2e3b84fc: 2e07 e987 

  0x0000019e2e3b8500: ;   {metadata({method} {0x0000019e42436888} 'defineClassSourceLocation' '(Ljava/security/ProtectionDomain;)Ljava/lang/String;' in 'java/lang/ClassLoader')}
  0x0000019e2e3b8500: fcff ff49 | ba80 6843 | 429e 0100 | 004c 8954 | 2408 48c7 | 0424 ffff 

  0x0000019e2e3b8518: ;   {runtime_call counter_overflow Runtime1 stub}
  0x0000019e2e3b8518: ffff e861 

  0x0000019e2e3b851c: ; ImmutableOopMap {rax=Oop [120]=Oop [128]=Oop [136]=Oop [152]=Oop }
                      ;*synchronization entry
                      ; - java.lang.ClassLoader::defineClassSourceLocation@-1
                      ; - java.lang.ClassLoader::defineClass@12
  0x0000019e2e3b851c: d72e 07e9 | 00fd ffff 

  0x0000019e2e3b8524: ;   {runtime_call throw_null_pointer_exception Runtime1 stub}
  0x0000019e2e3b8524: e8d7 9a25 

  0x0000019e2e3b8528: ; ImmutableOopMap {rax=Oop [120]=Oop [128]=Oop [136]=Oop [152]=Oop }
                      ;*invokevirtual getCodeSource {reexecute=0 rethrow=0 return_oop=0}
                      ; - java.lang.ClassLoader::defineClassSourceLocation@1
                      ; - java.lang.ClassLoader::defineClass@12
                      ;   {runtime_call throw_null_pointer_exception Runtime1 stub}
  0x0000019e2e3b8528: 07e8 d29a 

  0x0000019e2e3b852c: ; ImmutableOopMap {rax=Oop r8=Oop [120]=Oop [128]=Oop [136]=Oop [152]=Oop }
                      ;*invokevirtual getLocation {reexecute=0 rethrow=0 return_oop=0}
                      ; - java.lang.ClassLoader::defineClassSourceLocation@12
                      ; - java.lang.ClassLoader::defineClass@12
                      ;   {runtime_call throw_null_pointer_exception Runtime1 stub}
  0x0000019e2e3b852c: 2507 e8cd 

  0x0000019e2e3b8530: ; ImmutableOopMap {rdx=Oop [120]=Oop [128]=Oop [136]=Oop [152]=Oop }
                      ;*invokevirtual toString {reexecute=0 rethrow=0 return_oop=0}
                      ; - java.lang.ClassLoader::defineClassSourceLocation@22
                      ; - java.lang.ClassLoader::defineClass@12
                      ;   {metadata({method} {0x0000019e4201abf0} 'toString' '()Ljava/lang/String;' in 'java/net/URL')}
  0x0000019e2e3b8530: 9a25 0749 | bae8 ab01 | 429e 0100 | 004c 8954 | 2408 48c7 | 0424 ffff 

  0x0000019e2e3b8548: ;   {runtime_call counter_overflow Runtime1 stub}
  0x0000019e2e3b8548: ffff e831 

  0x0000019e2e3b854c: ; ImmutableOopMap {rdx=Oop [120]=Oop [128]=Oop [136]=Oop [152]=Oop }
                      ;*synchronization entry
                      ; - java.net.URL::toString@-1
                      ; - java.lang.ClassLoader::defineClassSourceLocation@22
                      ; - java.lang.ClassLoader::defineClass@12
  0x0000019e2e3b854c: d72e 07e9 | d7fd ffff 

  0x0000019e2e3b8554: ;   {metadata({method} {0x0000019e4242a428} 'toExternalForm' '()Ljava/lang/String;' in 'java/net/URL')}
  0x0000019e2e3b8554: 49ba 20a4 | 4242 9e01 | 0000 4c89 | 5424 0848 | c704 24ff 

  0x0000019e2e3b8568: ;   {runtime_call counter_overflow Runtime1 stub}
  0x0000019e2e3b8568: ffff ffe8 

  0x0000019e2e3b856c: ; ImmutableOopMap {rdx=Oop [120]=Oop [128]=Oop [136]=Oop [152]=Oop }
                      ;*synchronization entry
                      ; - java.net.URL::toExternalForm@-1
                      ; - java.net.URL::toString@1
                      ; - java.lang.ClassLoader::defineClassSourceLocation@22
                      ; - java.lang.ClassLoader::defineClass@12
  0x0000019e2e3b856c: 10d7 2e07 | e9f4 fdff 

  0x0000019e2e3b8574: ;   {runtime_call throw_null_pointer_exception Runtime1 stub}
  0x0000019e2e3b8574: ffe8 869a 

  0x0000019e2e3b8578: ; ImmutableOopMap {rdx=Oop rsi=Oop [120]=Oop [128]=Oop [136]=Oop [152]=Oop }
                      ;*invokevirtual toExternalForm {reexecute=0 rethrow=0 return_oop=0}
                      ; - java.net.URL::toExternalForm@5
                      ; - java.net.URL::toString@1
                      ; - java.lang.ClassLoader::defineClassSourceLocation@22
                      ; - java.lang.ClassLoader::defineClass@12
                      ;   {internal_word}
  0x0000019e2e3b8578: 2507 49ba | d484 3b2e | 9e01 0000 | 4d89 9760 

  0x0000019e2e3b8588: ;   {runtime_call SafepointBlob}
  0x0000019e2e3b8588: 0400 00e9 | 70c5 2307 | 498b 87f8 | 0400 0049 | c787 f804 | 0000 0000 | 0000 49c7 | 8700 0500 
  0x0000019e2e3b85a8: 0000 0000 | 0048 81c4 | b000 0000 

  0x0000019e2e3b85b4: ;   {runtime_call unwind_exception Runtime1 stub}
  0x0000019e2e3b85b4: 5de9 46a9 | 2507 f4f4 | f4f4 f4f4 
[Stub Code]
  0x0000019e2e3b85c0: ;   {no_reloc}
  0x0000019e2e3b85c0: 0f1f 4400 

  0x0000019e2e3b85c4: ;   {static_stub}
  0x0000019e2e3b85c4: 0048 bb00 | 0000 0000 

  0x0000019e2e3b85cc: ;   {runtime_call nmethod}
  0x0000019e2e3b85cc: 0000 00e9 | fbff ffff 

  0x0000019e2e3b85d4: ;   {static_stub}
  0x0000019e2e3b85d4: 48bb 0000 | 0000 0000 

  0x0000019e2e3b85dc: ;   {runtime_call nmethod}
  0x0000019e2e3b85dc: 0000 e9fb 

  0x0000019e2e3b85e0: ;   {static_stub}
  0x0000019e2e3b85e0: ffff ff48 | bb00 0000 | 0000 0000 

  0x0000019e2e3b85ec: ;   {runtime_call nmethod}
  0x0000019e2e3b85ec: 00e9 fbff 

  0x0000019e2e3b85f0: ;   {static_stub}
  0x0000019e2e3b85f0: ffff 48bb | 0000 0000 | 0000 0000 

  0x0000019e2e3b85fc: ;   {runtime_call nmethod}
  0x0000019e2e3b85fc: e9fb ffff 

  0x0000019e2e3b8600: ;   {runtime_call handle_exception_from_callee Runtime1 stub}
  0x0000019e2e3b8600: ffe8 fa7b 

  0x0000019e2e3b8604: ;   {external_word}
  0x0000019e2e3b8604: 2507 48b9 | 2053 166b | fe7f 0000 | 4883 e4f0 

  0x0000019e2e3b8614: ;   {runtime_call}
  0x0000019e2e3b8614: 48b8 90b7 | d86a fe7f | 0000 ffd0 

  0x0000019e2e3b8620: ;   {section_word}
  0x0000019e2e3b8620: f449 ba21 | 863b 2e9e | 0100 0041 

  0x0000019e2e3b862c: ;   {runtime_call DeoptimizationBlob}
  0x0000019e2e3b862c: 52e9 6eb7 | 2307 f4f4 | f4f4 f4f4 
[/MachCode]


Compiled method (c1) 24054 5977       3       java.lang.ClassLoader::defineClass (11 bytes)
 total in heap  [0x0000019e2eb47910,0x0000019e2eb47c80] = 880
 relocation     [0x0000019e2eb47a70,0x0000019e2eb47ab0] = 64
 main code      [0x0000019e2eb47ac0,0x0000019e2eb47bc8] = 264
 stub code      [0x0000019e2eb47bc8,0x0000019e2eb47c08] = 64
 metadata       [0x0000019e2eb47c08,0x0000019e2eb47c10] = 8
 scopes data    [0x0000019e2eb47c10,0x0000019e2eb47c38] = 40
 scopes pcs     [0x0000019e2eb47c38,0x0000019e2eb47c78] = 64
 dependencies   [0x0000019e2eb47c78,0x0000019e2eb47c80] = 8

[Constant Pool (empty)]

[MachCode]
[Entry Point]
  # {method} {0x0000019e42436b48} 'defineClass' '(Ljava/lang/String;[BII)Ljava/lang/Class;' in 'java/lang/ClassLoader'
  # this:     rdx:rdx   = 'java/lang/ClassLoader'
  # parm0:    r8:r8     = 'java/lang/String'
  # parm1:    r9:r9     = '[B'
  # parm2:    rdi       = int
  # parm3:    rsi       = int
  #           [sp+0x50]  (sp of caller)
  0x0000019e2eb47ac0: 448b 5208 | 49bb 0000 | 0042 9e01 | 0000 4d03 | d34c 3bd0 

  0x0000019e2eb47ad4: ;   {runtime_call ic_miss_stub}
  0x0000019e2eb47ad4: 0f85 a669 | aa06 660f | 1f44 0000 
[Verified Entry Point]
  0x0000019e2eb47ae0: 8984 2400 | 80ff ff55 | 4883 ec40 | 4181 7f20 | 0300 0000 

  0x0000019e2eb47af4: ;   {runtime_call StubRoutines (final stubs)}
  0x0000019e2eb47af4: 7405 e8e5 

  0x0000019e2eb47af8: ;   {metadata(method data for {method} {0x0000019e42436b48} 'defineClass' '(Ljava/lang/String;[BII)Ljava/lang/Class;' in 'java/lang/ClassLoader')}
  0x0000019e2eb47af8: 0ea9 0648 | b918 717b | 879e 0100 | 008b 99cc | 0000 0083 | c302 8999 | cc00 0000 | 81e3 fe07 
  0x0000019e2eb47b18: 0000 85db | 0f84 4500 | 0000 488b 

  0x0000019e2eb47b24: ;   {metadata(method data for {method} {0x0000019e42436b48} 'defineClass' '(Ljava/lang/String;[BII)Ljava/lang/Class;' in 'java/lang/ClassLoader')}
  0x0000019e2eb47b24: ca48 bb18 | 717b 879e | 0100 0048 | 8383 1001 

  0x0000019e2eb47b34: ;   {oop(nullptr)}
  0x0000019e2eb47b34: 0000 0148 | b900 0000 | 0000 0000 | 0066 0f1f 

  0x0000019e2eb47b44: ;   {optimized virtual_call}
  0x0000019e2eb47b44: 4400 00e8 

  0x0000019e2eb47b48: ; ImmutableOopMap {}
                      ;*invokevirtual defineClass {reexecute=0 rethrow=0 return_oop=0}
                      ; - java.lang.ClassLoader::defineClass@7
  0x0000019e2eb47b48: f405 87ff 

  0x0000019e2eb47b4c: ;   {other}
  0x0000019e2eb47b4c: 0f1f 8400 | 3c02 0000 | 4883 c440 

  0x0000019e2eb47b58: ;   {poll_return}
  0x0000019e2eb47b58: 5d49 3ba7 | 4804 0000 | 0f87 1f00 

  0x0000019e2eb47b64: ;   {metadata({method} {0x0000019e42436b48} 'defineClass' '(Ljava/lang/String;[BII)Ljava/lang/Class;' in 'java/lang/ClassLoader')}
  0x0000019e2eb47b64: 0000 c349 | ba40 6b43 | 429e 0100 | 004c 8954 | 2408 48c7 | 0424 ffff 

  0x0000019e2eb47b7c: ;   {runtime_call counter_overflow Runtime1 stub}
  0x0000019e2eb47b7c: ffff e8fd 

  0x0000019e2eb47b80: ; ImmutableOopMap {rdx=Oop r8=Oop r9=Oop }
                      ;*synchronization entry
                      ; - java.lang.ClassLoader::defineClass@-1
  0x0000019e2eb47b80: e0b5 06eb 

  0x0000019e2eb47b84: ;   {internal_word}
  0x0000019e2eb47b84: 9d49 ba59 | 7bb4 2e9e | 0100 004d | 8997 6004 

  0x0000019e2eb47b94: ;   {runtime_call SafepointBlob}
  0x0000019e2eb47b94: 0000 e965 | cfaa 0649 | 8b87 f804 | 0000 49c7 | 87f8 0400 | 0000 0000 | 0049 c787 | 0005 0000 
  0x0000019e2eb47bb4: 0000 0000 | 4883 c440 

  0x0000019e2eb47bbc: ;   {runtime_call unwind_exception Runtime1 stub}
  0x0000019e2eb47bbc: 5de9 3eb3 | ac06 f4f4 | f4f4 f4f4 
[Stub Code]
  0x0000019e2eb47bc8: ;   {no_reloc}
  0x0000019e2eb47bc8: 48bb 0000 | 0000 0000 

  0x0000019e2eb47bd0: ;   {runtime_call nmethod}
  0x0000019e2eb47bd0: 0000 e9fb 

  0x0000019e2eb47bd4: ;   {runtime_call handle_exception_from_callee Runtime1 stub}
  0x0000019e2eb47bd4: ffff ffe8 | 2486 ac06 

  0x0000019e2eb47bdc: ;   {external_word}
  0x0000019e2eb47bdc: 48b9 2053 | 166b fe7f | 0000 4883 

  0x0000019e2eb47be8: ;   {runtime_call}
  0x0000019e2eb47be8: e4f0 48b8 | 90b7 d86a | fe7f 0000 

  0x0000019e2eb47bf4: ;   {section_word}
  0x0000019e2eb47bf4: ffd0 f449 | baf7 7bb4 | 2e9e 0100 

  0x0000019e2eb47c00: ;   {runtime_call DeoptimizationBlob}
  0x0000019e2eb47c00: 0041 52e9 | 98c1 aa06 
[/MachCode]


---------------  P R O C E S S  ---------------

Threads class SMR info:
_java_thread_list=0x0000019e8b4fe660, length=39, elements={
0x0000019e28ac8ca0, 0x0000019e418ea940, 0x0000019e2af2e700, 0x0000019e418ec4a0,
0x0000019e418ed340, 0x0000019e418efed0, 0x0000019e418f0920, 0x0000019e418f93f0,
0x0000019e4191e560, 0x0000019e843e1a20, 0x0000019e845380f0, 0x0000019e84dd6ef0,
0x0000019e8904d3c0, 0x0000019e84aea330, 0x0000019e84aea990, 0x0000019e846e0440,
0x0000019e895c5070, 0x0000019e892e2ef0, 0x0000019e8952db40, 0x0000019e8959a4c0,
0x0000019e89598a80, 0x0000019e89599110, 0x0000019e895983f0, 0x0000019e89599e30,
0x0000019e89597040, 0x0000019e895997a0, 0x0000019e895976d0, 0x0000019e89597d60,
0x0000019e8bc29770, 0x0000019e8bc2bed0, 0x0000019e8bc29e00, 0x0000019e8bc290e0,
0x0000019e8bc2b840, 0x0000019e8bc2a490, 0x0000019e8bc2d910, 0x0000019e8bc2d280,
0x0000019e8bc2cbf0, 0x0000019e8bc2c560, 0x0000019e8bc2dfa0
}

Java Threads: ( => current thread )
  0x0000019e28ac8ca0 JavaThread "main"                              [_thread_blocked, id=12588, stack(0x0000007e74b00000,0x0000007e74c00000) (1024K)]
  0x0000019e418ea940 JavaThread "Reference Handler"          daemon [_thread_blocked, id=18556, stack(0x0000007e74f00000,0x0000007e75000000) (1024K)]
  0x0000019e2af2e700 JavaThread "Finalizer"                  daemon [_thread_blocked, id=23512, stack(0x0000007e75000000,0x0000007e75100000) (1024K)]
  0x0000019e418ec4a0 JavaThread "Signal Dispatcher"          daemon [_thread_blocked, id=10564, stack(0x0000007e75100000,0x0000007e75200000) (1024K)]
  0x0000019e418ed340 JavaThread "Attach Listener"            daemon [_thread_blocked, id=2032, stack(0x0000007e75200000,0x0000007e75300000) (1024K)]
  0x0000019e418efed0 JavaThread "Service Thread"             daemon [_thread_blocked, id=356, stack(0x0000007e75300000,0x0000007e75400000) (1024K)]
  0x0000019e418f0920 JavaThread "Monitor Deflation Thread"   daemon [_thread_blocked, id=20316, stack(0x0000007e75400000,0x0000007e75500000) (1024K)]
  0x0000019e418f93f0 JavaThread "C2 CompilerThread0"         daemon [_thread_blocked, id=20700, stack(0x0000007e75500000,0x0000007e75600000) (1024K)]
  0x0000019e4191e560 JavaThread "C1 CompilerThread0"         daemon [_thread_blocked, id=21364, stack(0x0000007e75600000,0x0000007e75700000) (1024K)]
  0x0000019e843e1a20 JavaThread "Common-Cleaner"             daemon [_thread_blocked, id=11108, stack(0x0000007e75700000,0x0000007e75800000) (1024K)]
  0x0000019e845380f0 JavaThread "Notification Thread"        daemon [_thread_blocked, id=5568, stack(0x0000007e75800000,0x0000007e75900000) (1024K)]
  0x0000019e84dd6ef0 JavaThread "Active Thread: Equinox Container: 5cc99026-e360-4900-b097-e3426e9c8f6f"        [_thread_blocked, id=2444, stack(0x0000007e75f00000,0x0000007e76000000) (1024K)]
  0x0000019e8904d3c0 JavaThread "Refresh Thread: Equinox Container: 5cc99026-e360-4900-b097-e3426e9c8f6f" daemon [_thread_blocked, id=23264, stack(0x0000007e76100000,0x0000007e76200000) (1024K)]
  0x0000019e84aea330 JavaThread "Framework Event Dispatcher: Equinox Container: 5cc99026-e360-4900-b097-e3426e9c8f6f" daemon [_thread_blocked, id=10104, stack(0x0000007e76300000,0x0000007e76400000) (1024K)]
  0x0000019e84aea990 JavaThread "Start Level: Equinox Container: 5cc99026-e360-4900-b097-e3426e9c8f6f" daemon [_thread_blocked, id=23316, stack(0x0000007e76400000,0x0000007e76500000) (1024K)]
  0x0000019e846e0440 JavaThread "Bundle File Closer"         daemon [_thread_blocked, id=21920, stack(0x0000007e76500000,0x0000007e76600000) (1024K)]
  0x0000019e895c5070 JavaThread "SCR Component Actor"        daemon [_thread_blocked, id=6852, stack(0x0000007e76000000,0x0000007e76100000) (1024K)]
  0x0000019e892e2ef0 JavaThread "Worker-JM"                         [_thread_blocked, id=5908, stack(0x0000007e76700000,0x0000007e76800000) (1024K)]
  0x0000019e8952db40 JavaThread "Worker-0: Updating Maven Dependencies"        [_thread_blocked, id=9532, stack(0x0000007e76600000,0x0000007e76700000) (1024K)]
=>0x0000019e8959a4c0 JavaThread "Worker-1: Repository registry initialization"        [_thread_in_vm, id=14648, stack(0x0000007e76800000,0x0000007e76900000) (1024K)]
  0x0000019e89598a80 JavaThread "Worker-2"                          [_thread_blocked, id=18896, stack(0x0000007e76900000,0x0000007e76a00000) (1024K)]
  0x0000019e89599110 JavaThread "Worker-3: Initialize After Load"        [_thread_blocked, id=19012, stack(0x0000007e76b00000,0x0000007e76c00000) (1024K)]
  0x0000019e895983f0 JavaThread "Java indexing"              daemon [_thread_blocked, id=23308, stack(0x0000007e76c00000,0x0000007e76d00000) (1024K)]
  0x0000019e89599e30 JavaThread "JNA Cleaner"                daemon [_thread_blocked, id=16184, stack(0x0000007e76d00000,0x0000007e76e00000) (1024K)]
  0x0000019e89597040 JavaThread "Worker-4"                          [_thread_blocked, id=8260, stack(0x0000007e77100000,0x0000007e77200000) (1024K)]
  0x0000019e895997a0 JavaThread "Worker-5"                          [_thread_blocked, id=16652, stack(0x0000007e77200000,0x0000007e77300000) (1024K)]
  0x0000019e895976d0 JavaThread "Thread-1"                   daemon [_thread_in_native, id=14884, stack(0x0000007e77300000,0x0000007e77400000) (1024K)]
  0x0000019e89597d60 JavaThread "Thread-2"                   daemon [_thread_in_native, id=2036, stack(0x0000007e77400000,0x0000007e77500000) (1024K)]
  0x0000019e8bc29770 JavaThread "Thread-3"                   daemon [_thread_in_native, id=13980, stack(0x0000007e77500000,0x0000007e77600000) (1024K)]
  0x0000019e8bc2bed0 JavaThread "Thread-4"                   daemon [_thread_in_native, id=19696, stack(0x0000007e77600000,0x0000007e77700000) (1024K)]
  0x0000019e8bc29e00 JavaThread "Thread-5"                   daemon [_thread_in_native, id=10148, stack(0x0000007e77700000,0x0000007e77800000) (1024K)]
  0x0000019e8bc290e0 JavaThread "Thread-6"                   daemon [_thread_in_native, id=15792, stack(0x0000007e77800000,0x0000007e77900000) (1024K)]
  0x0000019e8bc2b840 JavaThread "Thread-7"                   daemon [_thread_in_native, id=11456, stack(0x0000007e77900000,0x0000007e77a00000) (1024K)]
  0x0000019e8bc2a490 JavaThread "Thread-8"                   daemon [_thread_in_native, id=22248, stack(0x0000007e77a00000,0x0000007e77b00000) (1024K)]
  0x0000019e8bc2d910 JavaThread "Thread-9"                   daemon [_thread_in_native, id=9756, stack(0x0000007e77b00000,0x0000007e77c00000) (1024K)]
  0x0000019e8bc2d280 JavaThread "pool-2-thread-1"                   [_thread_blocked, id=19740, stack(0x0000007e77c00000,0x0000007e77d00000) (1024K)]
  0x0000019e8bc2cbf0 JavaThread "WorkspaceEventsHandler"            [_thread_blocked, id=20524, stack(0x0000007e77d00000,0x0000007e77e00000) (1024K)]
  0x0000019e8bc2c560 JavaThread "pool-1-thread-1"                   [_thread_blocked, id=4384, stack(0x0000007e77e00000,0x0000007e77f00000) (1024K)]
  0x0000019e8bc2dfa0 JavaThread "Keep-Alive-Timer"           daemon [_thread_blocked, id=11676, stack(0x0000007e78000000,0x0000007e78100000) (1024K)]
Total: 39

Other Threads:
  0x0000019e418e1d70 VMThread "VM Thread"                           [id=21012, stack(0x0000007e74e00000,0x0000007e74f00000) (1024K)] _threads_hazard_ptr=0x0000019e8b4fe660
  0x0000019e417fba00 WatcherThread "VM Periodic Task Thread"        [id=20164, stack(0x0000007e74d00000,0x0000007e74e00000) (1024K)]
  0x0000019e2ae8b760 WorkerThread "GC Thread#0"                     [id=21676, stack(0x0000007e74c00000,0x0000007e74d00000) (1024K)]
  0x0000019e849098b0 WorkerThread "GC Thread#1"                     [id=21384, stack(0x0000007e75900000,0x0000007e75a00000) (1024K)]
  0x0000019e8459ae50 WorkerThread "GC Thread#2"                     [id=15112, stack(0x0000007e75a00000,0x0000007e75b00000) (1024K)]
  0x0000019e84930e40 WorkerThread "GC Thread#3"                     [id=2924, stack(0x0000007e75b00000,0x0000007e75c00000) (1024K)]
  0x0000019e849311e0 WorkerThread "GC Thread#4"                     [id=20912, stack(0x0000007e75c00000,0x0000007e75d00000) (1024K)]
  0x0000019e848c9820 WorkerThread "GC Thread#5"                     [id=22360, stack(0x0000007e75d00000,0x0000007e75e00000) (1024K)]
  0x0000019e848c9bc0 WorkerThread "GC Thread#6"                     [id=21688, stack(0x0000007e75e00000,0x0000007e75f00000) (1024K)]
  0x0000019e84238070 WorkerThread "GC Thread#7"                     [id=23164, stack(0x0000007e76200000,0x0000007e76300000) (1024K)]
Total: 10

Threads with active compile tasks:
Total: 0

VM state: synchronizing (normal execution)

VM Mutex/Monitor currently owned by a thread:  ([mutex/lock_event])
[0x00007ffe6b41b4f0] Metaspace_lock - owner thread: 0x0000019e8959a4c0
[0x00007ffe6b41d570] Threads_lock - owner thread: 0x0000019e418e1d70

Heap address: 0x0000000080000000, size: 2048 MB, Compressed Oops mode: 32-bit

CDS archive(s) mapped at: [0x0000019e42000000-0x0000019e42ba0000-0x0000019e42ba0000), size 12189696, SharedBaseAddress: 0x0000019e42000000, ArchiveRelocationMode: 1.
Compressed class space mapped at: 0x0000019e43000000-0x0000019e83000000, reserved size: 1073741824
Narrow klass base: 0x0000019e42000000, Narrow klass shift: 0, Narrow klass range: 0x100000000

GC Precious Log:
 CardTable entry size: 512
 CPUs: 8 total, 8 available
 Memory: 8035M
 Large Page Support: Disabled
 NUMA Support: Disabled
 Compressed Oops: Enabled (32-bit)
 Alignments: Space 512K, Generation 512K, Heap 2M
 Heap Min Capacity: 100M
 Heap Initial Capacity: 100M
 Heap Max Capacity: 2G
 Pre-touch: Disabled
 Parallel Workers: 8

Heap:
 PSYoungGen      total 23552K, used 22112K [0x00000000d5580000, 0x00000000d7000000, 0x0000000100000000)
  eden space 22016K, 93% used [0x00000000d5580000,0x00000000d69b38d8,0x00000000d6b00000)
  from space 1536K, 92% used [0x00000000d6e80000,0x00000000d6fe49c0,0x00000000d7000000)
  to   space 1536K, 0% used [0x00000000d6d00000,0x00000000d6d00000,0x00000000d6e80000)
 ParOldGen       total 68608K, used 21051K [0x0000000080000000, 0x0000000084300000, 0x00000000d5580000)
  object space 68608K, 30% used [0x0000000080000000,0x000000008148ed30,0x0000000084300000)
 Metaspace       used 47015K, committed 48128K, reserved 1114112K
  class space    used 5204K, committed 5696K, reserved 1048576K

Card table byte_map: [0x0000019e2a820000,0x0000019e2ac30000] _byte_map_base: 0x0000019e2a420000

Marking Bits: (ParMarkBitMap*) 0x00007ffe6b422460
 Begin Bits: [0x0000019e3d320000, 0x0000019e3f320000)
 End Bits:   [0x0000019e3f320000, 0x0000019e41320000)

Polling page: 0x0000019e28e60000

Metaspace:

Usage:
  Non-class:     40.83 MB used.
      Class:      5.08 MB used.
       Both:     45.91 MB used.

Virtual space:
  Non-class space:       64.00 MB reserved,      41.44 MB ( 65%) committed,  1 nodes.
      Class space:        1.00 GB reserved,       5.56 MB ( <1%) committed,  1 nodes.
             Both:        1.06 GB reserved,      47.00 MB (  4%) committed. 

Chunk freelists:
   Non-Class:  6.30 MB
       Class:  10.45 MB
        Both:  16.75 MB

MaxMetaspaceSize: unlimited
CompressedClassSpaceSize: 1.00 GB
Initial GC threshold: 21.00 MB
Current GC threshold: 58.38 MB
CDS: on
 - commit_granule_bytes: 65536.
 - commit_granule_words: 8192.
 - virtual_space_node_default_size: 8388608.
 - enlarge_chunks_in_place: 1.
 - use_allocation_guard: 0.


Internal statistics:

num_allocs_failed_limit: 6.
num_arena_births: 774.
num_arena_deaths: 32.
num_vsnodes_births: 2.
num_vsnodes_deaths: 0.
num_space_committed: 752.
num_space_uncommitted: 0.
num_chunks_returned_to_freelist: 44.
num_chunks_taken_from_freelist: 2684.
num_chunk_merges: 10.
num_chunk_splits: 1654.
num_chunks_enlarged: 961.
num_inconsistent_stats: 0.

CodeHeap 'non-profiled nmethods': size=120000Kb used=2717Kb max_used=2717Kb free=117282Kb
 bounds [0x0000019e35b40000, 0x0000019e35df0000, 0x0000019e3d070000]
CodeHeap 'profiled nmethods': size=120000Kb used=11303Kb max_used=11303Kb free=108697Kb
 bounds [0x0000019e2e070000, 0x0000019e2eb80000, 0x0000019e355a0000]
CodeHeap 'non-nmethods': size=5760Kb used=1393Kb max_used=1481Kb free=4366Kb
 bounds [0x0000019e355a0000, 0x0000019e35810000, 0x0000019e35b40000]
CodeCache: size=245760Kb, used=15413Kb, max_used=15501Kb, free=230345Kb
 total_blobs=6240, nmethods=5547, adapters=599, full_count=0
Compilation: enabled, stopped_count=0, restarted_count=0

Compilation events (20 events):
Event: 22.962 Thread 0x0000019e4191e560 6075       3       java.util.regex.Pattern::atom (422 bytes)
Event: 22.965 Thread 0x0000019e4191e560 nmethod 6075 0x0000019e2eb6ce90 code [0x0000019e2eb6d220, 0x0000019e2eb6e810]
Event: 22.965 Thread 0x0000019e4191e560 6076       3       com.google.inject.internal.BindingImpl::<init> (32 bytes)
Event: 22.966 Thread 0x0000019e4191e560 nmethod 6076 0x0000019e2eb6ef10 code [0x0000019e2eb6f0c0, 0x0000019e2eb6f290]
Event: 22.966 Thread 0x0000019e4191e560 6077       1       com.google.inject.internal.ProvisionListenerStackCallback::access$000 (5 bytes)
Event: 22.966 Thread 0x0000019e4191e560 nmethod 6077 0x0000019e35de5590 code [0x0000019e35de5720, 0x0000019e35de57d0]
Event: 22.967 Thread 0x0000019e4191e560 6078       3       org.objectweb.asm.MethodWriter::visitLdcInsn (215 bytes)
Event: 22.969 Thread 0x0000019e4191e560 nmethod 6078 0x0000019e2eb6f390 code [0x0000019e2eb6f620, 0x0000019e2eb70120]
Event: 22.973 Thread 0x0000019e4191e560 6079       3       com.google.inject.internal.InjectorImpl::enterContext (65 bytes)
Event: 22.975 Thread 0x0000019e4191e560 nmethod 6079 0x0000019e2eb70590 code [0x0000019e2eb707c0, 0x0000019e2eb71378]
Event: 22.979 Thread 0x0000019e4191e560 6080       3       sun.reflect.generics.parser.SignatureParser::parseFieldTypeSignature (73 bytes)
Event: 22.980 Thread 0x0000019e4191e560 nmethod 6080 0x0000019e2eb71710 code [0x0000019e2eb71980, 0x0000019e2eb71fe0]
Event: 22.983 Thread 0x0000019e4191e560 6081       3       com.google.inject.internal.InjectorJitBindingData::banKeyInParent (27 bytes)
Event: 22.984 Thread 0x0000019e4191e560 nmethod 6081 0x0000019e2eb72290 code [0x0000019e2eb72500, 0x0000019e2eb72ef8]
Event: 22.984 Thread 0x0000019e4191e560 6083       3       com.google.common.collect.LinkedHashMultimap$ValueSet::contains (42 bytes)
Event: 22.985 Thread 0x0000019e4191e560 nmethod 6083 0x0000019e2eb73310 code [0x0000019e2eb73540, 0x0000019e2eb73d18]
Event: 22.985 Thread 0x0000019e4191e560 6082       3       com.google.common.collect.AbstractMapBasedMultimap$WrappedCollection::contains (15 bytes)
Event: 22.986 Thread 0x0000019e4191e560 nmethod 6082 0x0000019e2eb74010 code [0x0000019e2eb741c0, 0x0000019e2eb74468]
Event: 22.988 Thread 0x0000019e4191e560 6084       3       com.google.inject.internal.Scoping::scope (47 bytes)
Event: 22.990 Thread 0x0000019e4191e560 nmethod 6084 0x0000019e2eb74590 code [0x0000019e2eb74820, 0x0000019e2eb75640]

GC Heap History (20 events):
Event: 15.258 GC heap before
{Heap before GC invocations=11 (full 1):
 PSYoungGen      total 26112K, used 26056K [0x00000000d5580000, 0x00000000d7500000, 0x0000000100000000)
  eden space 23552K, 100% used [0x00000000d5580000,0x00000000d6c80000,0x00000000d6c80000)
  from space 2560K, 97% used [0x00000000d6e00000,0x00000000d7072040,0x00000000d7080000)
  to   space 3584K, 0% used [0x00000000d7180000,0x00000000d7180000,0x00000000d7500000)
 ParOldGen       total 68608K, used 12588K [0x0000000080000000, 0x0000000084300000, 0x00000000d5580000)
  object space 68608K, 18% used [0x0000000080000000,0x0000000080c4b370,0x0000000084300000)
 Metaspace       used 26089K, committed 26880K, reserved 1114112K
  class space    used 2608K, committed 2944K, reserved 1048576K
}
Event: 15.261 GC heap after
{Heap after GC invocations=11 (full 1):
 PSYoungGen      total 25600K, used 2507K [0x00000000d5580000, 0x00000000d7400000, 0x0000000100000000)
  eden space 23040K, 0% used [0x00000000d5580000,0x00000000d5580000,0x00000000d6c00000)
  from space 2560K, 97% used [0x00000000d7180000,0x00000000d73f2e98,0x00000000d7400000)
  to   space 3072K, 0% used [0x00000000d6e00000,0x00000000d6e00000,0x00000000d7100000)
 ParOldGen       total 68608K, used 12588K [0x0000000080000000, 0x0000000084300000, 0x00000000d5580000)
  object space 68608K, 18% used [0x0000000080000000,0x0000000080c4b370,0x0000000084300000)
 Metaspace       used 26089K, committed 26880K, reserved 1114112K
  class space    used 2608K, committed 2944K, reserved 1048576K
}
Event: 16.043 GC heap before
{Heap before GC invocations=12 (full 1):
 PSYoungGen      total 25600K, used 25547K [0x00000000d5580000, 0x00000000d7400000, 0x0000000100000000)
  eden space 23040K, 100% used [0x00000000d5580000,0x00000000d6c00000,0x00000000d6c00000)
  from space 2560K, 97% used [0x00000000d7180000,0x00000000d73f2e98,0x00000000d7400000)
  to   space 3072K, 0% used [0x00000000d6e00000,0x00000000d6e00000,0x00000000d7100000)
 ParOldGen       total 68608K, used 12588K [0x0000000080000000, 0x0000000084300000, 0x00000000d5580000)
  object space 68608K, 18% used [0x0000000080000000,0x0000000080c4b370,0x0000000084300000)
 Metaspace       used 29247K, committed 30144K, reserved 1114112K
  class space    used 2944K, committed 3328K, reserved 1048576K
}
Event: 16.052 GC heap after
{Heap after GC invocations=12 (full 1):
 PSYoungGen      total 24576K, used 1544K [0x00000000d5580000, 0x00000000d7200000, 0x0000000100000000)
  eden space 22528K, 0% used [0x00000000d5580000,0x00000000d5580000,0x00000000d6b80000)
  from space 2048K, 75% used [0x00000000d6e00000,0x00000000d6f821d8,0x00000000d7000000)
  to   space 2048K, 0% used [0x00000000d7000000,0x00000000d7000000,0x00000000d7200000)
 ParOldGen       total 68608K, used 14757K [0x0000000080000000, 0x0000000084300000, 0x00000000d5580000)
  object space 68608K, 21% used [0x0000000080000000,0x0000000080e696a8,0x0000000084300000)
 Metaspace       used 29247K, committed 30144K, reserved 1114112K
  class space    used 2944K, committed 3328K, reserved 1048576K
}
Event: 17.001 GC heap before
{Heap before GC invocations=13 (full 1):
 PSYoungGen      total 24576K, used 24068K [0x00000000d5580000, 0x00000000d7200000, 0x0000000100000000)
  eden space 22528K, 99% used [0x00000000d5580000,0x00000000d6b7f198,0x00000000d6b80000)
  from space 2048K, 75% used [0x00000000d6e00000,0x00000000d6f821d8,0x00000000d7000000)
  to   space 2048K, 0% used [0x00000000d7000000,0x00000000d7000000,0x00000000d7200000)
 ParOldGen       total 68608K, used 14757K [0x0000000080000000, 0x0000000084300000, 0x00000000d5580000)
  object space 68608K, 21% used [0x0000000080000000,0x0000000080e696a8,0x0000000084300000)
 Metaspace       used 31957K, committed 32896K, reserved 1114112K
  class space    used 3286K, committed 3712K, reserved 1048576K
}
Event: 17.007 GC heap after
{Heap after GC invocations=13 (full 1):
 PSYoungGen      total 23552K, used 1333K [0x00000000d5580000, 0x00000000d7180000, 0x0000000100000000)
  eden space 22016K, 0% used [0x00000000d5580000,0x00000000d5580000,0x00000000d6b00000)
  from space 1536K, 86% used [0x00000000d7000000,0x00000000d714d640,0x00000000d7180000)
  to   space 1536K, 0% used [0x00000000d6e80000,0x00000000d6e80000,0x00000000d7000000)
 ParOldGen       total 68608K, used 16111K [0x0000000080000000, 0x0000000084300000, 0x00000000d5580000)
  object space 68608K, 23% used [0x0000000080000000,0x0000000080fbbf10,0x0000000084300000)
 Metaspace       used 31957K, committed 32896K, reserved 1114112K
  class space    used 3286K, committed 3712K, reserved 1048576K
}
Event: 17.805 GC heap before
{Heap before GC invocations=14 (full 1):
 PSYoungGen      total 23552K, used 23349K [0x00000000d5580000, 0x00000000d7180000, 0x0000000100000000)
  eden space 22016K, 100% used [0x00000000d5580000,0x00000000d6b00000,0x00000000d6b00000)
  from space 1536K, 86% used [0x00000000d7000000,0x00000000d714d640,0x00000000d7180000)
  to   space 1536K, 0% used [0x00000000d6e80000,0x00000000d6e80000,0x00000000d7000000)
 ParOldGen       total 68608K, used 16111K [0x0000000080000000, 0x0000000084300000, 0x00000000d5580000)
  object space 68608K, 23% used [0x0000000080000000,0x0000000080fbbf10,0x0000000084300000)
 Metaspace       used 34332K, committed 35328K, reserved 1114112K
  class space    used 3588K, committed 3968K, reserved 1048576K
}
Event: 17.809 GC heap after
{Heap after GC invocations=14 (full 1):
 PSYoungGen      total 23552K, used 1260K [0x00000000d5580000, 0x00000000d7080000, 0x0000000100000000)
  eden space 22016K, 0% used [0x00000000d5580000,0x00000000d5580000,0x00000000d6b00000)
  from space 1536K, 82% used [0x00000000d6e80000,0x00000000d6fbb008,0x00000000d7000000)
  to   space 512K, 0% used [0x00000000d7000000,0x00000000d7000000,0x00000000d7080000)
 ParOldGen       total 68608K, used 17128K [0x0000000080000000, 0x0000000084300000, 0x00000000d5580000)
  object space 68608K, 24% used [0x0000000080000000,0x00000000810ba140,0x0000000084300000)
 Metaspace       used 34332K, committed 35328K, reserved 1114112K
  class space    used 3588K, committed 3968K, reserved 1048576K
}
Event: 18.031 GC heap before
{Heap before GC invocations=15 (full 1):
 PSYoungGen      total 23552K, used 6577K [0x00000000d5580000, 0x00000000d7080000, 0x0000000100000000)
  eden space 22016K, 24% used [0x00000000d5580000,0x00000000d5ab13f8,0x00000000d6b00000)
  from space 1536K, 82% used [0x00000000d6e80000,0x00000000d6fbb008,0x00000000d7000000)
  to   space 512K, 0% used [0x00000000d7000000,0x00000000d7000000,0x00000000d7080000)
 ParOldGen       total 68608K, used 17128K [0x0000000080000000, 0x0000000084300000, 0x00000000d5580000)
  object space 68608K, 24% used [0x0000000080000000,0x00000000810ba140,0x0000000084300000)
 Metaspace       used 34772K, committed 35840K, reserved 1114112K
  class space    used 3645K, committed 4096K, reserved 1048576K
}
Event: 18.034 GC heap after
{Heap after GC invocations=15 (full 1):
 PSYoungGen      total 22528K, used 416K [0x00000000d5580000, 0x00000000d7080000, 0x0000000100000000)
  eden space 22016K, 0% used [0x00000000d5580000,0x00000000d5580000,0x00000000d6b00000)
  from space 512K, 81% used [0x00000000d7000000,0x00000000d7068000,0x00000000d7080000)
  to   space 1024K, 0% used [0x00000000d6e80000,0x00000000d6e80000,0x00000000d6f80000)
 ParOldGen       total 68608K, used 18231K [0x0000000080000000, 0x0000000084300000, 0x00000000d5580000)
  object space 68608K, 26% used [0x0000000080000000,0x00000000811cdfc0,0x0000000084300000)
 Metaspace       used 34772K, committed 35840K, reserved 1114112K
  class space    used 3645K, committed 4096K, reserved 1048576K
}
Event: 18.034 GC heap before
{Heap before GC invocations=16 (full 2):
 PSYoungGen      total 22528K, used 416K [0x00000000d5580000, 0x00000000d7080000, 0x0000000100000000)
  eden space 22016K, 0% used [0x00000000d5580000,0x00000000d5580000,0x00000000d6b00000)
  from space 512K, 81% used [0x00000000d7000000,0x00000000d7068000,0x00000000d7080000)
  to   space 1024K, 0% used [0x00000000d6e80000,0x00000000d6e80000,0x00000000d6f80000)
 ParOldGen       total 68608K, used 18231K [0x0000000080000000, 0x0000000084300000, 0x00000000d5580000)
  object space 68608K, 26% used [0x0000000080000000,0x00000000811cdfc0,0x0000000084300000)
 Metaspace       used 34772K, committed 35840K, reserved 1114112K
  class space    used 3645K, committed 4096K, reserved 1048576K
}
Event: 18.123 GC heap after
{Heap after GC invocations=16 (full 2):
 PSYoungGen      total 22528K, used 0K [0x00000000d5580000, 0x00000000d7080000, 0x0000000100000000)
  eden space 22016K, 0% used [0x00000000d5580000,0x00000000d5580000,0x00000000d6b00000)
  from space 512K, 0% used [0x00000000d7000000,0x00000000d7000000,0x00000000d7080000)
  to   space 1024K, 0% used [0x00000000d6e80000,0x00000000d6e80000,0x00000000d6f80000)
 ParOldGen       total 68608K, used 17657K [0x0000000080000000, 0x0000000084300000, 0x00000000d5580000)
  object space 68608K, 25% used [0x0000000080000000,0x000000008113e648,0x0000000084300000)
 Metaspace       used 34756K, committed 35840K, reserved 1114112K
  class space    used 3640K, committed 4096K, reserved 1048576K
}
Event: 18.927 GC heap before
{Heap before GC invocations=17 (full 2):
 PSYoungGen      total 22528K, used 22016K [0x00000000d5580000, 0x00000000d7080000, 0x0000000100000000)
  eden space 22016K, 100% used [0x00000000d5580000,0x00000000d6b00000,0x00000000d6b00000)
  from space 512K, 0% used [0x00000000d7000000,0x00000000d7000000,0x00000000d7080000)
  to   space 1024K, 0% used [0x00000000d6e80000,0x00000000d6e80000,0x00000000d6f80000)
 ParOldGen       total 68608K, used 17657K [0x0000000080000000, 0x0000000084300000, 0x00000000d5580000)
  object space 68608K, 25% used [0x0000000080000000,0x000000008113e648,0x0000000084300000)
 Metaspace       used 37601K, committed 38656K, reserved 1114112K
  class space    used 3977K, committed 4416K, reserved 1048576K
}
Event: 18.930 GC heap after
{Heap after GC invocations=17 (full 2):
 PSYoungGen      total 23040K, used 1000K [0x00000000d5580000, 0x00000000d7080000, 0x0000000100000000)
  eden space 22016K, 0% used [0x00000000d5580000,0x00000000d5580000,0x00000000d6b00000)
  from space 1024K, 97% used [0x00000000d6e80000,0x00000000d6f7a0e0,0x00000000d6f80000)
  to   space 1024K, 0% used [0x00000000d6f80000,0x00000000d6f80000,0x00000000d7080000)
 ParOldGen       total 68608K, used 17892K [0x0000000080000000, 0x0000000084300000, 0x00000000d5580000)
  object space 68608K, 26% used [0x0000000080000000,0x00000000811791e8,0x0000000084300000)
 Metaspace       used 37601K, committed 38656K, reserved 1114112K
  class space    used 3977K, committed 4416K, reserved 1048576K
}
Event: 19.545 GC heap before
{Heap before GC invocations=18 (full 2):
 PSYoungGen      total 23040K, used 23016K [0x00000000d5580000, 0x00000000d7080000, 0x0000000100000000)
  eden space 22016K, 100% used [0x00000000d5580000,0x00000000d6b00000,0x00000000d6b00000)
  from space 1024K, 97% used [0x00000000d6e80000,0x00000000d6f7a0e0,0x00000000d6f80000)
  to   space 1024K, 0% used [0x00000000d6f80000,0x00000000d6f80000,0x00000000d7080000)
 ParOldGen       total 68608K, used 17892K [0x0000000080000000, 0x0000000084300000, 0x00000000d5580000)
  object space 68608K, 26% used [0x0000000080000000,0x00000000811791e8,0x0000000084300000)
 Metaspace       used 39844K, committed 40896K, reserved 1114112K
  class space    used 4234K, committed 4672K, reserved 1048576K
}
Event: 19.550 GC heap after
{Heap after GC invocations=18 (full 2):
 PSYoungGen      total 23040K, used 1024K [0x00000000d5580000, 0x00000000d7100000, 0x0000000100000000)
  eden space 22016K, 0% used [0x00000000d5580000,0x00000000d5580000,0x00000000d6b00000)
  from space 1024K, 100% used [0x00000000d6f80000,0x00000000d7080000,0x00000000d7080000)
  to   space 3072K, 0% used [0x00000000d6b00000,0x00000000d6b00000,0x00000000d6e00000)
 ParOldGen       total 68608K, used 19256K [0x0000000080000000, 0x0000000084300000, 0x00000000d5580000)
  object space 68608K, 28% used [0x0000000080000000,0x00000000812ce1f8,0x0000000084300000)
 Metaspace       used 39844K, committed 40896K, reserved 1114112K
  class space    used 4234K, committed 4672K, reserved 1048576K
}
Event: 20.517 GC heap before
{Heap before GC invocations=19 (full 2):
 PSYoungGen      total 23040K, used 23040K [0x00000000d5580000, 0x00000000d7100000, 0x0000000100000000)
  eden space 22016K, 100% used [0x00000000d5580000,0x00000000d6b00000,0x00000000d6b00000)
  from space 1024K, 100% used [0x00000000d6f80000,0x00000000d7080000,0x00000000d7080000)
  to   space 3072K, 0% used [0x00000000d6b00000,0x00000000d6b00000,0x00000000d6e00000)
 ParOldGen       total 68608K, used 19256K [0x0000000080000000, 0x0000000084300000, 0x00000000d5580000)
  object space 68608K, 28% used [0x0000000080000000,0x00000000812ce1f8,0x0000000084300000)
 Metaspace       used 42677K, committed 43840K, reserved 1114112K
  class space    used 4627K, committed 5120K, reserved 1048576K
}
Event: 20.522 GC heap after
{Heap after GC invocations=19 (full 2):
 PSYoungGen      total 25088K, used 1001K [0x00000000d5580000, 0x00000000d7000000, 0x0000000100000000)
  eden space 22016K, 0% used [0x00000000d5580000,0x00000000d5580000,0x00000000d6b00000)
  from space 3072K, 32% used [0x00000000d6b00000,0x00000000d6bfa460,0x00000000d6e00000)
  to   space 1536K, 0% used [0x00000000d6e80000,0x00000000d6e80000,0x00000000d7000000)
 ParOldGen       total 68608K, used 20264K [0x0000000080000000, 0x0000000084300000, 0x00000000d5580000)
  object space 68608K, 29% used [0x0000000080000000,0x00000000813ca1f8,0x0000000084300000)
 Metaspace       used 42677K, committed 43840K, reserved 1114112K
  class space    used 4627K, committed 5120K, reserved 1048576K
}
Event: 21.636 GC heap before
{Heap before GC invocations=20 (full 2):
 PSYoungGen      total 25088K, used 22897K [0x00000000d5580000, 0x00000000d7000000, 0x0000000100000000)
  eden space 22016K, 99% used [0x00000000d5580000,0x00000000d6ae21c8,0x00000000d6b00000)
  from space 3072K, 32% used [0x00000000d6b00000,0x00000000d6bfa460,0x00000000d6e00000)
  to   space 1536K, 0% used [0x00000000d6e80000,0x00000000d6e80000,0x00000000d7000000)
 ParOldGen       total 68608K, used 20264K [0x0000000080000000, 0x0000000084300000, 0x00000000d5580000)
  object space 68608K, 29% used [0x0000000080000000,0x00000000813ca1f8,0x0000000084300000)
 Metaspace       used 45028K, committed 46208K, reserved 1114112K
  class space    used 4916K, committed 5440K, reserved 1048576K
}
Event: 21.640 GC heap after
{Heap after GC invocations=20 (full 2):
 PSYoungGen      total 23552K, used 1426K [0x00000000d5580000, 0x00000000d7000000, 0x0000000100000000)
  eden space 22016K, 0% used [0x00000000d5580000,0x00000000d5580000,0x00000000d6b00000)
  from space 1536K, 92% used [0x00000000d6e80000,0x00000000d6fe49c0,0x00000000d7000000)
  to   space 1536K, 0% used [0x00000000d6d00000,0x00000000d6d00000,0x00000000d6e80000)
 ParOldGen       total 68608K, used 21051K [0x0000000080000000, 0x0000000084300000, 0x00000000d5580000)
  object space 68608K, 30% used [0x0000000080000000,0x000000008148ed30,0x0000000084300000)
 Metaspace       used 45028K, committed 46208K, reserved 1114112K
  class space    used 4916K, committed 5440K, reserved 1048576K
}

Dll operation events (14 events):
Event: 0.050 Loaded shared library c:\Users\Wipro\.windsurf\extensions\redhat.java-1.50.0-win32-x64\jre\21.0.9-win32-x86_64\bin\java.dll
Event: 0.862 Loaded shared library c:\Users\Wipro\.windsurf\extensions\redhat.java-1.50.0-win32-x64\jre\21.0.9-win32-x86_64\bin\zip.dll
Event: 0.977 Loaded shared library C:\Users\Wipro\.windsurf\extensions\redhat.java-1.50.0-win32-x64\jre\21.0.9-win32-x86_64\bin\instrument.dll
Event: 0.990 Loaded shared library C:\Users\Wipro\.windsurf\extensions\redhat.java-1.50.0-win32-x64\jre\21.0.9-win32-x86_64\bin\net.dll
Event: 0.995 Loaded shared library C:\Users\Wipro\.windsurf\extensions\redhat.java-1.50.0-win32-x64\jre\21.0.9-win32-x86_64\bin\nio.dll
Event: 1.035 Loaded shared library C:\Users\Wipro\.windsurf\extensions\redhat.java-1.50.0-win32-x64\jre\21.0.9-win32-x86_64\bin\zip.dll
Event: 1.135 Loaded shared library C:\Users\Wipro\.windsurf\extensions\redhat.java-1.50.0-win32-x64\jre\21.0.9-win32-x86_64\bin\jimage.dll
Event: 1.598 Loaded shared library c:\Users\Wipro\.windsurf\extensions\redhat.java-1.50.0-win32-x64\jre\21.0.9-win32-x86_64\bin\verify.dll
Event: 7.186 Loaded shared library C:\Users\Wipro\AppData\Roaming\Windsurf\User\globalStorage\redhat.java\1.50.0\config_win\org.eclipse.equinox.launcher\org.eclipse.equinox.launcher.win32.win32.x86_64_1.2.1400.v20250801-0854\eclipse_11916.dll
Event: 10.539 Loaded shared library C:\Users\Wipro\.windsurf\extensions\redhat.java-1.50.0-win32-x64\jre\21.0.9-win32-x86_64\bin\management.dll
Event: 10.548 Loaded shared library C:\Users\Wipro\.windsurf\extensions\redhat.java-1.50.0-win32-x64\jre\21.0.9-win32-x86_64\bin\management_ext.dll
Event: 16.647 Loaded shared library C:\Users\Wipro\AppData\Local\Temp\jna-83585659\jna13646558558044327331.dll
Event: 17.958 Loaded shared library C:\Users\Wipro\.windsurf\extensions\redhat.java-1.50.0-win32-x64\jre\21.0.9-win32-x86_64\bin\sunmscapi.dll
Event: 19.953 Loaded shared library C:\Users\Wipro\.windsurf\extensions\redhat.java-1.50.0-win32-x64\jre\21.0.9-win32-x86_64\bin\extnet.dll

Deoptimization events (20 events):
Event: 22.523 Thread 0x0000019e8959a4c0 Uncommon trap: trap_request=0xffffffbe fr.pc=0x0000019e35ddb8d4 relative=0x0000000000000374
Event: 22.523 Thread 0x0000019e8959a4c0 Uncommon trap: reason=profile_predicate action=maybe_recompile pc=0x0000019e35ddb8d4 method=com.google.inject.internal.aop.ImmutableStringTrie.nextPivotColumn([Ljava/lang/String;III)I @ 21 c2
Event: 22.523 Thread 0x0000019e8959a4c0 DEOPT PACKING pc=0x0000019e35ddb8d4 sp=0x0000007e768fdc50
Event: 22.523 Thread 0x0000019e8959a4c0 DEOPT UNPACKING pc=0x0000019e355f3aa2 sp=0x0000007e768fdbe0 mode 2
Event: 22.525 Thread 0x0000019e8959a4c0 Uncommon trap: trap_request=0xffffffbe fr.pc=0x0000019e35ddb8d4 relative=0x0000000000000374
Event: 22.525 Thread 0x0000019e8959a4c0 Uncommon trap: reason=profile_predicate action=maybe_recompile pc=0x0000019e35ddb8d4 method=com.google.inject.internal.aop.ImmutableStringTrie.nextPivotColumn([Ljava/lang/String;III)I @ 21 c2
Event: 22.525 Thread 0x0000019e8959a4c0 DEOPT PACKING pc=0x0000019e35ddb8d4 sp=0x0000007e768fdc50
Event: 22.525 Thread 0x0000019e8959a4c0 DEOPT UNPACKING pc=0x0000019e355f3aa2 sp=0x0000007e768fdbe0 mode 2
Event: 22.901 Thread 0x0000019e8959a4c0 Uncommon trap: trap_request=0x00000259 fr.pc=0x0000019e35d18910 relative=0x00000000000000f0
Event: 22.901 Thread 0x0000019e8959a4c0 Uncommon trap: reason=unloaded action=reinterpret pc=0x0000019e35d18910 method=org.codehaus.plexus.util.xml.pull.MXParser.more()C @ 22 c2
Event: 22.901 Thread 0x0000019e8959a4c0 DEOPT PACKING pc=0x0000019e35d18910 sp=0x0000007e768ff020
Event: 22.901 Thread 0x0000019e8959a4c0 DEOPT UNPACKING pc=0x0000019e355f3aa2 sp=0x0000007e768fefc0 mode 2
Event: 22.909 Thread 0x0000019e8952db40 Uncommon trap: trap_request=0xffffff45 fr.pc=0x0000019e35b809d0 relative=0x0000000000000c70
Event: 22.909 Thread 0x0000019e8952db40 Uncommon trap: reason=unstable_if action=reinterpret pc=0x0000019e35b809d0 method=java.util.regex.Pattern.atom()Ljava/util/regex/Pattern$Node; @ 14 c2
Event: 22.909 Thread 0x0000019e8952db40 DEOPT PACKING pc=0x0000019e35b809d0 sp=0x0000007e766fe2e0
Event: 22.909 Thread 0x0000019e8952db40 DEOPT UNPACKING pc=0x0000019e355f3aa2 sp=0x0000007e766fe268 mode 2
Event: 22.912 Thread 0x0000019e8952db40 Uncommon trap: trap_request=0xffffff45 fr.pc=0x0000019e35d91a34 relative=0x0000000000006f94
Event: 22.912 Thread 0x0000019e8952db40 Uncommon trap: reason=unstable_if action=reinterpret pc=0x0000019e35d91a34 method=org.eclipse.osgi.internal.loader.ModuleClassLoader.defineClass(Ljava/lang/String;[BLorg/eclipse/osgi/internal/loader/classpath/ClasspathEntry;)Lorg/eclipse/osgi/internal/loa
Event: 22.912 Thread 0x0000019e8952db40 DEOPT PACKING pc=0x0000019e35d91a34 sp=0x0000007e766fdbd0
Event: 22.912 Thread 0x0000019e8952db40 DEOPT UNPACKING pc=0x0000019e355f3aa2 sp=0x0000007e766fdb40 mode 2

Classes loaded (20 events):
Event: 21.423 Loading class sun/net/www/MeteredStream done
Event: 21.423 Loading class sun/net/www/http/KeepAliveStream done
Event: 21.423 Loading class sun/net/www/http/KeepAliveStreamCleaner
Event: 21.424 Loading class sun/net/www/http/KeepAliveStreamCleaner done
Event: 21.429 Loading class sun/net/www/http/KeepAliveStreamCleaner$1
Event: 21.429 Loading class sun/net/www/http/KeepAliveStreamCleaner$1 done
Event: 21.429 Loading class sun/net/www/http/KeepAliveStreamCleaner$2
Event: 21.429 Loading class sun/net/www/http/KeepAliveStreamCleaner$2 done
Event: 21.430 Loading class sun/net/www/protocol/http/HttpURLConnection$HttpInputStream
Event: 21.430 Loading class sun/net/www/protocol/http/HttpURLConnection$HttpInputStream done
Event: 21.552 Loading class jdk/internal/org/objectweb/asm/ClassReader
Event: 21.561 Loading class jdk/internal/org/objectweb/asm/ClassReader done
Event: 21.698 Loading class sun/net/www/http/KeepAliveCache$1
Event: 21.698 Loading class sun/net/www/http/KeepAliveCache$1 done
Event: 21.699 Loading class sun/net/www/http/KeepAliveCache$ClientVector
Event: 21.700 Loading class sun/net/www/http/KeepAliveCache$ClientVector done
Event: 21.704 Loading class sun/net/www/http/KeepAliveEntry
Event: 21.704 Loading class sun/net/www/http/KeepAliveEntry done
Event: 22.877 Loading class java/lang/ProcessEnvironment$CheckedKeySet
Event: 22.877 Loading class java/lang/ProcessEnvironment$CheckedKeySet done

Classes unloaded (16 events):
Event: 14.278 Thread 0x0000019e418e1d70 Unloading class 0x0000019e431a2800 'java/lang/invoke/LambdaForm$MH+0x0000019e431a2800'
Event: 14.278 Thread 0x0000019e418e1d70 Unloading class 0x0000019e431a2400 'java/lang/invoke/LambdaForm$MH+0x0000019e431a2400'
Event: 14.278 Thread 0x0000019e418e1d70 Unloading class 0x0000019e431a2000 'java/lang/invoke/LambdaForm$MH+0x0000019e431a2000'
Event: 14.278 Thread 0x0000019e418e1d70 Unloading class 0x0000019e431a1c00 'java/lang/invoke/LambdaForm$MH+0x0000019e431a1c00'
Event: 14.278 Thread 0x0000019e418e1d70 Unloading class 0x0000019e431a1800 'java/lang/invoke/LambdaForm$BMH+0x0000019e431a1800'
Event: 14.278 Thread 0x0000019e418e1d70 Unloading class 0x0000019e431a1400 'java/lang/invoke/LambdaForm$DMH+0x0000019e431a1400'
Event: 14.278 Thread 0x0000019e418e1d70 Unloading class 0x0000019e431a0000 'java/lang/invoke/LambdaForm$DMH+0x0000019e431a0000'
Event: 18.046 Thread 0x0000019e418e1d70 Unloading class 0x0000019e432bd800 'java/lang/invoke/LambdaForm$MH+0x0000019e432bd800'
Event: 18.046 Thread 0x0000019e418e1d70 Unloading class 0x0000019e432bcc00 'java/lang/invoke/LambdaForm$MH+0x0000019e432bcc00'
Event: 18.046 Thread 0x0000019e418e1d70 Unloading class 0x0000019e432bc400 'java/lang/invoke/LambdaForm$DMH+0x0000019e432bc400'
Event: 18.046 Thread 0x0000019e418e1d70 Unloading class 0x0000019e432b8000 'java/lang/invoke/LambdaForm$MH+0x0000019e432b8000'
Event: 18.046 Thread 0x0000019e418e1d70 Unloading class 0x0000019e432b3c00 'java/lang/invoke/LambdaForm$MH+0x0000019e432b3c00'
Event: 18.046 Thread 0x0000019e418e1d70 Unloading class 0x0000019e432b3400 'java/lang/invoke/LambdaForm$MH+0x0000019e432b3400'
Event: 18.046 Thread 0x0000019e418e1d70 Unloading class 0x0000019e432b2800 'java/lang/invoke/LambdaForm$MH+0x0000019e432b2800'
Event: 18.046 Thread 0x0000019e418e1d70 Unloading class 0x0000019e432b2000 'java/lang/invoke/LambdaForm$MH+0x0000019e432b2000'
Event: 18.046 Thread 0x0000019e418e1d70 Unloading class 0x0000019e432b1800 'java/lang/invoke/LambdaForm$MH+0x0000019e432b1800'

Classes redefined (0 events):
No events

Internal exceptions (20 events):
Event: 16.850 Thread 0x0000019e84aea990 Exception <a 'java/lang/UnsatisfiedLinkError'{0x00000000d6800b08}: The specified procedure could not be found.
> (0x00000000d6800b08) 
thrown [s\src\hotspot\share\prims\jni.cpp, line 539]
Event: 16.875 Thread 0x0000019e84aea990 Exception <a 'java/lang/NoSuchMethodError'{0x00000000d680d940}: 'void java.lang.invoke.Invokers$Holder.invokeExact_MT(java.lang.Object, java.lang.Object, int, java.lang.Object)'> (0x00000000d680d940) 
thrown [s\src\hotspot\share\interpreter\linkResolver.cpp, line 773]
Event: 17.150 Thread 0x0000019e28ac8ca0 Exception <a 'java/io/FileNotFoundException'{0x00000000d5ae8e10}> (0x00000000d5ae8e10) 
thrown [s\src\hotspot\share\prims\jni.cpp, line 520]
Event: 17.224 Thread 0x0000019e28ac8ca0 Exception <a 'java/lang/NoSuchMethodError'{0x00000000d5fb2020}: 'java.lang.Object java.lang.invoke.DirectMethodHandle$Holder.invokeStatic(java.lang.Object, long, java.lang.Object)'> (0x00000000d5fb2020) 
thrown [s\src\hotspot\share\interpreter\linkResolver.cpp, line 773]
Event: 17.225 Thread 0x0000019e28ac8ca0 Exception <a 'java/lang/NoSuchMethodError'{0x00000000d5fba978}: 'java.lang.Object java.lang.invoke.DirectMethodHandle$Holder.invokeStaticInit(java.lang.Object, long, java.lang.Object)'> (0x00000000d5fba978) 
thrown [s\src\hotspot\share\interpreter\linkResolver.cpp, line 773]
Event: 17.226 Thread 0x0000019e28ac8ca0 Exception <a 'java/lang/NoSuchMethodError'{0x00000000d5fdff90}: 'java.lang.Object java.lang.invoke.DirectMethodHandle$Holder.newInvokeSpecial(java.lang.Object, long)'> (0x00000000d5fdff90) 
thrown [s\src\hotspot\share\interpreter\linkResolver.cpp, line 773]
Event: 18.196 Thread 0x0000019e89598a80 Exception <a 'sun/nio/fs/WindowsException'{0x00000000d57ecad0}> (0x00000000d57ecad0) 
thrown [s\src\hotspot\share\prims\jni.cpp, line 520]
Event: 18.451 Thread 0x0000019e28ac8ca0 Exception <a 'java/lang/NoSuchMethodError'{0x00000000d5dc11e8}: 'void java.lang.invoke.DirectMethodHandle$Holder.invokeSpecial(java.lang.Object, java.lang.Object, java.lang.Object, java.lang.Object, java.lang.Object, java.lang.Object)'> (0x00000000d5dc11e8) 
thrown [s\src\hotspot\share\interpreter\linkResolver.cpp, line 773]
Event: 18.456 Thread 0x0000019e28ac8ca0 Exception <a 'java/lang/IncompatibleClassChangeError'{0x00000000d5dc89d8}: Found class java.lang.Object, but interface was expected> (0x00000000d5dc89d8) 
thrown [s\src\hotspot\share\interpreter\linkResolver.cpp, line 840]
Event: 18.460 Thread 0x0000019e28ac8ca0 Exception <a 'java/lang/IncompatibleClassChangeError'{0x00000000d5dca720}: Found class java.lang.Object, but interface was expected> (0x00000000d5dca720) 
thrown [s\src\hotspot\share\interpreter\linkResolver.cpp, line 840]
Event: 20.787 Thread 0x0000019e89598a80 Implicit null exception at 0x0000019e35c91071 to 0x0000019e35c9112c
Event: 21.350 Thread 0x0000019e8959a4c0 Exception <a 'java/lang/NoSuchMethodError'{0x00000000d676bec8}: 'void java.lang.invoke.DirectMethodHandle$Holder.invokeStaticInit(java.lang.Object, java.lang.Object, java.lang.Object)'> (0x00000000d676bec8) 
thrown [s\src\hotspot\share\interpreter\linkResolver.cpp, line 773]
Event: 21.392 Thread 0x0000019e8959a4c0 Exception <a 'java/lang/ExceptionInInitializerError'{0x00000000d682ccc8}> (0x00000000d682ccc8) 
thrown [s\src\hotspot\share\oops\instanceKlass.cpp, line 1220]
Event: 21.532 Thread 0x0000019e8959a4c0 Implicit null exception at 0x0000019e35bc07b1 to 0x0000019e35bc0ab8
Event: 21.538 Thread 0x0000019e8959a4c0 Exception <a 'java/lang/NoSuchMethodError'{0x00000000d691d148}: 'long java.lang.invoke.DirectMethodHandle$Holder.invokeStatic(java.lang.Object, java.lang.Object, int)'> (0x00000000d691d148) 
thrown [s\src\hotspot\share\interpreter\linkResolver.cpp, line 773]
Event: 21.570 Thread 0x0000019e8959a4c0 Implicit null exception at 0x0000019e35c72a80 to 0x0000019e35c72d04
Event: 21.572 Thread 0x0000019e8959a4c0 Implicit null exception at 0x0000019e35bef4a0 to 0x0000019e35bf0424
Event: 21.582 Thread 0x0000019e8959a4c0 Exception <a 'java/lang/NoSuchMethodError'{0x00000000d6a045c0}: 'java.lang.Object java.lang.invoke.Invokers$Holder.invokeExact_MT(java.lang.Object, int, java.lang.Object)'> (0x00000000d6a045c0) 
thrown [s\src\hotspot\share\interpreter\linkResolver.cpp, line 773]
Event: 21.756 Thread 0x0000019e89598a80 Exception <a 'java/lang/NoSuchMethodError'{0x00000000d59f5120}: 'void java.lang.invoke.DirectMethodHandle$Holder.invokeStaticInit(java.lang.Object, java.lang.Object, java.lang.Object, java.lang.Object)'> (0x00000000d59f5120) 
thrown [s\src\hotspot\share\interpreter\linkResolver.cpp, line 773]
Event: 22.797 Thread 0x0000019e8959a4c0 Exception <a 'java/lang/NoClassDefFoundError'{0x00000000d6661d90}: com/google/inject/servlet/ServletModuleTargetVisitor> (0x00000000d6661d90) 
thrown [s\src\hotspot\share\classfile\systemDictionary.cpp, line 301]

ZGC Phase Switch (0 events):
No events

VM Operations (20 events):
Event: 19.545 Executing VM operation: ParallelGCFailedAllocation (Allocation Failure)
Event: 19.550 Executing VM operation: ParallelGCFailedAllocation (Allocation Failure) done
Event: 19.593 Executing VM operation: HandshakeAllThreads (Deoptimize)
Event: 19.594 Executing VM operation: HandshakeAllThreads (Deoptimize) done
Event: 19.646 Executing VM operation: HandshakeAllThreads (Deoptimize)
Event: 19.646 Executing VM operation: HandshakeAllThreads (Deoptimize) done
Event: 20.064 Executing VM operation: HandshakeAllThreads (Deoptimize)
Event: 20.064 Executing VM operation: HandshakeAllThreads (Deoptimize) done
Event: 20.517 Executing VM operation: ParallelGCFailedAllocation (Allocation Failure)
Event: 20.522 Executing VM operation: ParallelGCFailedAllocation (Allocation Failure) done
Event: 21.427 Executing VM operation: HandshakeAllThreads (Deoptimize)
Event: 21.429 Executing VM operation: HandshakeAllThreads (Deoptimize) done
Event: 21.635 Executing VM operation: ParallelGCFailedAllocation (Allocation Failure)
Event: 21.640 Executing VM operation: ParallelGCFailedAllocation (Allocation Failure) done
Event: 21.703 Executing VM operation: HandshakeAllThreads (Deoptimize)
Event: 21.703 Executing VM operation: HandshakeAllThreads (Deoptimize) done
Event: 21.749 Executing VM operation: HandshakeAllThreads (Deoptimize)
Event: 21.749 Executing VM operation: HandshakeAllThreads (Deoptimize) done
Event: 22.750 Executing VM operation: Cleanup
Event: 22.751 Executing VM operation: Cleanup done

Memory protections (0 events):
No events

Nmethod flushes (20 events):
Event: 18.077 Thread 0x0000019e418e1d70 flushing  nmethod 0x0000019e2e650c10
Event: 18.077 Thread 0x0000019e418e1d70 flushing  nmethod 0x0000019e2e651410
Event: 18.077 Thread 0x0000019e418e1d70 flushing  nmethod 0x0000019e2e651b90
Event: 18.077 Thread 0x0000019e418e1d70 flushing  nmethod 0x0000019e2e653110
Event: 18.077 Thread 0x0000019e418e1d70 flushing  nmethod 0x0000019e2e653610
Event: 18.077 Thread 0x0000019e418e1d70 flushing  nmethod 0x0000019e2e653f10
Event: 18.077 Thread 0x0000019e418e1d70 flushing  nmethod 0x0000019e2e654390
Event: 18.077 Thread 0x0000019e418e1d70 flushing  nmethod 0x0000019e2e655310
Event: 18.077 Thread 0x0000019e418e1d70 flushing  nmethod 0x0000019e2e657310
Event: 18.077 Thread 0x0000019e418e1d70 flushing  nmethod 0x0000019e2e658090
Event: 18.077 Thread 0x0000019e418e1d70 flushing  nmethod 0x0000019e2e662490
Event: 18.077 Thread 0x0000019e418e1d70 flushing  nmethod 0x0000019e2e67e810
Event: 18.077 Thread 0x0000019e418e1d70 flushing  nmethod 0x0000019e2e690010
Event: 18.077 Thread 0x0000019e418e1d70 flushing  nmethod 0x0000019e2e693b90
Event: 18.077 Thread 0x0000019e418e1d70 flushing  nmethod 0x0000019e2e69a790
Event: 18.077 Thread 0x0000019e418e1d70 flushing  nmethod 0x0000019e2e6f8a90
Event: 18.077 Thread 0x0000019e418e1d70 flushing  nmethod 0x0000019e2e71a210
Event: 18.077 Thread 0x0000019e418e1d70 flushing  nmethod 0x0000019e2e71d010
Event: 18.077 Thread 0x0000019e418e1d70 flushing  nmethod 0x0000019e2e72f910
Event: 18.077 Thread 0x0000019e418e1d70 flushing  nmethod 0x0000019e2e794210

Events (20 events):
Event: 16.984 Thread 0x0000019e89598a80 Thread added: 0x0000019e89597040
Event: 17.179 Thread 0x0000019e89597040 Thread added: 0x0000019e895997a0
Event: 17.259 Thread 0x0000019e28ac8ca0 Thread added: 0x0000019e895976d0
Event: 17.259 Thread 0x0000019e28ac8ca0 Thread added: 0x0000019e89597d60
Event: 17.260 Thread 0x0000019e28ac8ca0 Thread added: 0x0000019e8bc29770
Event: 17.260 Thread 0x0000019e28ac8ca0 Thread added: 0x0000019e8bc2bed0
Event: 17.260 Thread 0x0000019e28ac8ca0 Thread added: 0x0000019e8bc29e00
Event: 17.260 Thread 0x0000019e28ac8ca0 Thread added: 0x0000019e8bc290e0
Event: 17.260 Thread 0x0000019e28ac8ca0 Thread added: 0x0000019e8bc2b840
Event: 17.260 Thread 0x0000019e28ac8ca0 Thread added: 0x0000019e8bc2a490
Event: 17.261 Thread 0x0000019e28ac8ca0 Thread added: 0x0000019e8bc2d910
Event: 17.321 Thread 0x0000019e28ac8ca0 Thread added: 0x0000019e8bc2d280
Event: 18.128 Thread 0x0000019e84730e60 Thread exited: 0x0000019e84730e60
Event: 18.219 Thread 0x0000019e4191e560 Thread added: 0x0000019e84730e60
Event: 18.541 Thread 0x0000019e28ac8ca0 Thread added: 0x0000019e8bc2cbf0
Event: 18.542 Thread 0x0000019e28ac8ca0 Thread added: 0x0000019e8bc2c560
Event: 21.378 Thread 0x0000019e89598a80 Thread added: 0x0000019e8bc2dfa0
Event: 21.428 Thread 0x0000019e8bc2dfa0 Thread exited: 0x0000019e8bc2dfa0
Event: 21.699 Thread 0x0000019e89598a80 Thread added: 0x0000019e8bc2dfa0
Event: 22.988 Thread 0x0000019e84730e60 Thread exited: 0x0000019e84730e60


Dynamic libraries:
0x00007ff627fe0000 - 0x00007ff627fee000 	c:\Users\Wipro\.windsurf\extensions\redhat.java-1.50.0-win32-x64\jre\21.0.9-win32-x86_64\bin\java.exe
0x00007fff2e780000 - 0x00007fff2e9e8000 	C:\WINDOWS\SYSTEM32\ntdll.dll
0x00007fff2cdc0000 - 0x00007fff2ce89000 	C:\WINDOWS\System32\KERNEL32.DLL
0x00007fff2bcf0000 - 0x00007fff2c0e8000 	C:\WINDOWS\System32\KERNELBASE.dll
0x00007fff2c310000 - 0x00007fff2c45b000 	C:\WINDOWS\System32\ucrtbase.dll
0x00007fff048f0000 - 0x00007fff04908000 	c:\Users\Wipro\.windsurf\extensions\redhat.java-1.50.0-win32-x64\jre\21.0.9-win32-x86_64\bin\jli.dll
0x00007fff2ce90000 - 0x00007fff2d057000 	C:\WINDOWS\System32\USER32.dll
0x00007fff2b8d0000 - 0x00007fff2b8f7000 	C:\WINDOWS\System32\win32u.dll
0x00007fff2c520000 - 0x00007fff2c54b000 	C:\WINDOWS\System32\GDI32.dll
0x00007fff2ba80000 - 0x00007fff2bbac000 	C:\WINDOWS\System32\gdi32full.dll
0x00007fff2bbb0000 - 0x00007fff2bc53000 	C:\WINDOWS\System32\msvcp_win.dll
0x00007fff00620000 - 0x00007fff0063e000 	c:\Users\Wipro\.windsurf\extensions\redhat.java-1.50.0-win32-x64\jre\21.0.9-win32-x86_64\bin\VCRUNTIME140.dll
0x00007fff0d920000 - 0x00007fff0dbb4000 	C:\WINDOWS\WinSxS\amd64_microsoft.windows.common-controls_6595b64144ccf1df_6.0.26100.7019_none_3e06ffa0e335b8a8\COMCTL32.dll
0x00007fff2d2d0000 - 0x00007fff2d379000 	C:\WINDOWS\System32\msvcrt.dll
0x00007fff2d9b0000 - 0x00007fff2d9e1000 	C:\WINDOWS\System32\IMM32.DLL
0x00007fff24a70000 - 0x00007fff24a7c000 	c:\Users\Wipro\.windsurf\extensions\redhat.java-1.50.0-win32-x64\jre\21.0.9-win32-x86_64\bin\vcruntime140_1.dll
0x00007ffeed870000 - 0x00007ffeed8fd000 	c:\Users\Wipro\.windsurf\extensions\redhat.java-1.50.0-win32-x64\jre\21.0.9-win32-x86_64\bin\msvcp140.dll
0x00007ffe6a760000 - 0x00007ffe6b500000 	c:\Users\Wipro\.windsurf\extensions\redhat.java-1.50.0-win32-x64\jre\21.0.9-win32-x86_64\bin\server\jvm.dll
0x00007fff2d8f0000 - 0x00007fff2d9a4000 	C:\WINDOWS\System32\ADVAPI32.dll
0x00007fff2c5b0000 - 0x00007fff2c656000 	C:\WINDOWS\System32\sechost.dll
0x00007fff2d9f0000 - 0x00007fff2db08000 	C:\WINDOWS\System32\RPCRT4.dll
0x00007fff2dd00000 - 0x00007fff2dd74000 	C:\WINDOWS\System32\WS2_32.dll
0x00007fff2b750000 - 0x00007fff2b7ae000 	C:\WINDOWS\SYSTEM32\POWRPROF.dll
0x00007fff0df80000 - 0x00007fff0dfb5000 	C:\WINDOWS\SYSTEM32\WINMM.dll
0x00007fff1d2b0000 - 0x00007fff1d2bb000 	C:\WINDOWS\SYSTEM32\VERSION.dll
0x00007fff2b730000 - 0x00007fff2b744000 	C:\WINDOWS\SYSTEM32\UMPDC.dll
0x00007fff2a650000 - 0x00007fff2a66b000 	C:\WINDOWS\SYSTEM32\kernel.appcore.dll
0x00007fff1e660000 - 0x00007fff1e66a000 	c:\Users\Wipro\.windsurf\extensions\redhat.java-1.50.0-win32-x64\jre\21.0.9-win32-x86_64\bin\jimage.dll
0x00007fff291a0000 - 0x00007fff293e2000 	C:\WINDOWS\SYSTEM32\DBGHELP.DLL
0x00007fff2d440000 - 0x00007fff2d7cb000 	C:\WINDOWS\System32\combase.dll
0x00007fff2dbd0000 - 0x00007fff2dca7000 	C:\WINDOWS\System32\OLEAUT32.dll
0x00007fff0d790000 - 0x00007fff0d7cc000 	C:\WINDOWS\SYSTEM32\dbgcore.DLL
0x00007fff2c0f0000 - 0x00007fff2c195000 	C:\WINDOWS\System32\bcryptPrimitives.dll
0x00007fff04300000 - 0x00007fff0430f000 	c:\Users\Wipro\.windsurf\extensions\redhat.java-1.50.0-win32-x64\jre\21.0.9-win32-x86_64\bin\instrument.dll
0x00007ffeed850000 - 0x00007ffeed870000 	c:\Users\Wipro\.windsurf\extensions\redhat.java-1.50.0-win32-x64\jre\21.0.9-win32-x86_64\bin\java.dll
0x00007fff2c660000 - 0x00007fff2cdaf000 	C:\WINDOWS\System32\SHELL32.dll
0x00007fff2c1a0000 - 0x00007fff2c30b000 	C:\WINDOWS\System32\wintypes.dll
0x00007fff294d0000 - 0x00007fff29d2d000 	C:\WINDOWS\SYSTEM32\windows.storage.dll
0x00007fff2d7f0000 - 0x00007fff2d8e2000 	C:\WINDOWS\System32\SHCORE.dll
0x00007fff2df30000 - 0x00007fff2df97000 	C:\WINDOWS\System32\shlwapi.dll
0x00007fff2b7c0000 - 0x00007fff2b7e9000 	C:\WINDOWS\SYSTEM32\profapi.dll
0x00007ffed96d0000 - 0x00007ffed96e8000 	c:\Users\Wipro\.windsurf\extensions\redhat.java-1.50.0-win32-x64\jre\21.0.9-win32-x86_64\bin\zip.dll
0x00007fff03790000 - 0x00007fff037a0000 	C:\Users\Wipro\.windsurf\extensions\redhat.java-1.50.0-win32-x64\jre\21.0.9-win32-x86_64\bin\net.dll
0x00007fff1fd00000 - 0x00007fff1fe28000 	C:\WINDOWS\SYSTEM32\WINHTTP.dll
0x00007fff2aba0000 - 0x00007fff2ac0b000 	C:\WINDOWS\system32\mswsock.dll
0x00007ffed32f0000 - 0x00007ffed3306000 	C:\Users\Wipro\.windsurf\extensions\redhat.java-1.50.0-win32-x64\jre\21.0.9-win32-x86_64\bin\nio.dll
0x00007fff00a80000 - 0x00007fff00a90000 	c:\Users\Wipro\.windsurf\extensions\redhat.java-1.50.0-win32-x64\jre\21.0.9-win32-x86_64\bin\verify.dll
0x00007ffef2080000 - 0x00007ffef20c4000 	C:\Users\Wipro\AppData\Roaming\Windsurf\User\globalStorage\redhat.java\1.50.0\config_win\org.eclipse.equinox.launcher\org.eclipse.equinox.launcher.win32.win32.x86_64_1.2.1400.v20250801-0854\eclipse_11916.dll
0x00007fff2dd80000 - 0x00007fff2df17000 	C:\WINDOWS\System32\ole32.dll
0x00007fff048e0000 - 0x00007fff048ea000 	C:\Users\Wipro\.windsurf\extensions\redhat.java-1.50.0-win32-x64\jre\21.0.9-win32-x86_64\bin\management.dll
0x00007fff0ada0000 - 0x00007fff0adac000 	C:\Users\Wipro\.windsurf\extensions\redhat.java-1.50.0-win32-x64\jre\21.0.9-win32-x86_64\bin\management_ext.dll
0x00007fff2e730000 - 0x00007fff2e738000 	C:\WINDOWS\System32\PSAPI.DLL
0x00007fff2af90000 - 0x00007fff2afab000 	C:\WINDOWS\SYSTEM32\CRYPTSP.dll
0x00007fff2a5b0000 - 0x00007fff2a5ea000 	C:\WINDOWS\system32\rsaenh.dll
0x00007fff2ac50000 - 0x00007fff2ac7b000 	C:\WINDOWS\SYSTEM32\USERENV.dll
0x00007fff2b7f0000 - 0x00007fff2b81a000 	C:\WINDOWS\SYSTEM32\bcrypt.dll
0x00007fff2adf0000 - 0x00007fff2adfc000 	C:\WINDOWS\SYSTEM32\CRYPTBASE.dll
0x00007fff2a040000 - 0x00007fff2a074000 	C:\WINDOWS\SYSTEM32\IPHLPAPI.DLL
0x00007fff2d3b0000 - 0x00007fff2d3ba000 	C:\WINDOWS\System32\NSI.dll
0x00007ffef1f80000 - 0x00007ffef1fc9000 	C:\Users\Wipro\AppData\Local\Temp\jna-83585659\jna13646558558044327331.dll
0x00007fff1fcd0000 - 0x00007fff1fcee000 	C:\WINDOWS\SYSTEM32\dhcpcsvc6.DLL
0x00007fff1fc50000 - 0x00007fff1fc73000 	C:\WINDOWS\SYSTEM32\dhcpcsvc.DLL
0x00007fff0ad90000 - 0x00007fff0ad9e000 	C:\Users\Wipro\.windsurf\extensions\redhat.java-1.50.0-win32-x64\jre\21.0.9-win32-x86_64\bin\sunmscapi.dll
0x00007fff2b900000 - 0x00007fff2ba77000 	C:\WINDOWS\System32\CRYPT32.dll
0x00007fff2b0e0000 - 0x00007fff2b110000 	C:\WINDOWS\SYSTEM32\ncrypt.dll
0x00007fff2b090000 - 0x00007fff2b0cf000 	C:\WINDOWS\SYSTEM32\NTASN1.dll
0x00007fff2a0d0000 - 0x00007fff2a1fc000 	C:\WINDOWS\SYSTEM32\DNSAPI.dll
0x00007fff20450000 - 0x00007fff2045b000 	C:\Windows\System32\rasadhlp.dll
0x00007fff1eb30000 - 0x00007fff1ebb6000 	C:\WINDOWS\System32\fwpuclnt.dll
0x00007fff048d0000 - 0x00007fff048d9000 	C:\Users\Wipro\.windsurf\extensions\redhat.java-1.50.0-win32-x64\jre\21.0.9-win32-x86_64\bin\extnet.dll

JVMTI agents:
c:\Users\Wipro\.windsurf\extensions\redhat.java-1.50.0-win32-x64\lombok\lombok-1.18.39-4050.jar path:c:\Users\Wipro\.windsurf\extensions\redhat.java-1.50.0-win32-x64\jre\21.0.9-win32-x86_64\bin\instrument.dll, loaded, initialized, instrumentlib options:none

dbghelp: loaded successfully - version: 4.0.5 - missing functions: none
symbol engine: initialized successfully - sym options: 0x614 - pdb path: .;c:\Users\Wipro\.windsurf\extensions\redhat.java-1.50.0-win32-x64\jre\21.0.9-win32-x86_64\bin;C:\WINDOWS\SYSTEM32;C:\WINDOWS\WinSxS\amd64_microsoft.windows.common-controls_6595b64144ccf1df_6.0.26100.7019_none_3e06ffa0e335b8a8;c:\Users\Wipro\.windsurf\extensions\redhat.java-1.50.0-win32-x64\jre\21.0.9-win32-x86_64\bin\server;C:\Users\Wipro\AppData\Roaming\Windsurf\User\globalStorage\redhat.java\1.50.0\config_win\org.eclipse.equinox.launcher\org.eclipse.equinox.launcher.win32.win32.x86_64_1.2.1400.v20250801-0854;C:\Users\Wipro\AppData\Local\Temp\jna-83585659

VM Arguments:
jvm_args: --add-modules=ALL-SYSTEM --add-opens=java.base/java.util=ALL-UNNAMED --add-opens=java.base/java.lang=ALL-UNNAMED --add-opens=java.base/sun.nio.fs=ALL-UNNAMED -Declipse.application=org.eclipse.jdt.ls.core.id1 -Dosgi.bundles.defaultStartLevel=4 -Declipse.product=org.eclipse.jdt.ls.core.product -Djava.import.generatesMetadataFilesAtProjectRoot=false -DDetectVMInstallationsJob.disabled=true -Dfile.encoding=utf8 -XX:+UseParallelGC -XX:GCTimeRatio=4 -XX:AdaptiveSizePolicyWeight=90 -Dsun.zip.disableMemoryMapping=true -Xmx2G -Xms100m -Xlog:disable -javaagent:c:\Users\Wipro\.windsurf\extensions\redhat.java-1.50.0-win32-x64\lombok\lombok-1.18.39-4050.jar -XX:+HeapDumpOnOutOfMemoryError -XX:HeapDumpPath=c:\Users\Wipro\AppData\Roaming\Windsurf\User\workspaceStorage\5ad08d04c02ac3e337a70397266f9eba\redhat.java -Daether.dependencyCollector.impl=bf 
java_command: c:\Users\Wipro\.windsurf\extensions\redhat.java-1.50.0-win32-x64\server\plugins\org.eclipse.equinox.launcher_1.7.100.v20251111-0406.jar -configuration c:\Users\Wipro\AppData\Roaming\Windsurf\User\globalStorage\redhat.java\1.50.0\config_win -data c:\Users\Wipro\AppData\Roaming\Windsurf\User\workspaceStorage\5ad08d04c02ac3e337a70397266f9eba\redhat.java\jdt_ws --pipe=\\.\pipe\lsp-90fe12c40f27f6e46e7dbf9cfd9950a4-sock
java_class_path (initial): c:\Users\Wipro\.windsurf\extensions\redhat.java-1.50.0-win32-x64\server\plugins\org.eclipse.equinox.launcher_1.7.100.v20251111-0406.jar
Launcher Type: SUN_STANDARD

[Global flags]
    uintx AdaptiveSizePolicyWeight                 = 90                                        {product} {command line}
     intx CICompilerCount                          = 4                                         {product} {ergonomic}
    uintx GCTimeRatio                              = 4                                         {product} {command line}
     bool HeapDumpOnOutOfMemoryError               = true                                   {manageable} {command line}
    ccstr HeapDumpPath                             = c:\Users\Wipro\AppData\Roaming\Windsurf\User\workspaceStorage\5ad08d04c02ac3e337a70397266f9eba\redhat.java         {manageable} {command line}
   size_t InitialHeapSize                          = 104857600                                 {product} {command line}
   size_t MaxHeapSize                              = 2147483648                                {product} {command line}
   size_t MaxNewSize                               = 715653120                                 {product} {ergonomic}
   size_t MinHeapDeltaBytes                        = 524288                                    {product} {ergonomic}
   size_t MinHeapSize                              = 104857600                                 {product} {command line}
   size_t NewSize                                  = 34603008                                  {product} {ergonomic}
    uintx NonNMethodCodeHeapSize                   = 5839372                                {pd product} {ergonomic}
    uintx NonProfiledCodeHeapSize                  = 122909434                              {pd product} {ergonomic}
   size_t OldSize                                  = 70254592                                  {product} {ergonomic}
    uintx ProfiledCodeHeapSize                     = 122909434                              {pd product} {ergonomic}
    uintx ReservedCodeCacheSize                    = 251658240                              {pd product} {ergonomic}
     bool SegmentedCodeCache                       = true                                      {product} {ergonomic}
   size_t SoftMaxHeapSize                          = 2147483648                             {manageable} {ergonomic}
     bool UseCompressedOops                        = true                           {product lp64_product} {ergonomic}
     bool UseLargePagesIndividualAllocation        = false                                  {pd product} {ergonomic}
     bool UseParallelGC                            = true                                      {product} {command line}

Logging:
Log output configuration:
 #0: stdout all=off uptime,level,tags foldmultilines=false
 #1: stderr all=off uptime,level,tags foldmultilines=false

Release file:
JAVA_VERSION="21.0.9" 
MODULES="java.base java.compiler java.datatransfer java.xml java.prefs java.desktop java.instrument java.logging java.management java.security.sasl java.naming java.rmi java.management.rmi java.net.http java.scripting java.security.jgss java.transaction.xa java.sql java.sql.rowset java.xml.crypto java.se java.smartcardio jdk.accessibility jdk.internal.jvmstat jdk.attach jdk.charsets jdk.internal.opt jdk.zipfs jdk.compiler jdk.crypto.ec jdk.crypto.cryptoki jdk.crypto.mscapi jdk.dynalink jdk.internal.ed jdk.editpad jdk.hotspot.agent jdk.httpserver jdk.internal.le jdk.internal.vm.ci jdk.internal.vm.compiler jdk.internal.vm.compiler.management jdk.jartool jdk.javadoc jdk.jcmd jdk.management jdk.management.agent jdk.jconsole jdk.jdeps jdk.jdwp.agent jdk.jdi jdk.jfr jdk.jshell jdk.jsobject jdk.jstatd jdk.localedata jdk.management.jfr jdk.naming.dns jdk.naming.rmi jdk.net jdk.nio.mapmode jdk.random jdk.sctp jdk.security.auth jdk.security.jgss jdk.unsupported jdk.unsupported.desktop jdk.xml.dom" 

Environment Variables:
PATH=C:\Python313\Scripts\;C:\Python313\;C:\Program Files\Eclipse Adoptium\jdk-17.0.15.6-hotspot\bin;C:\WINDOWS\system32;C:\WINDOWS;C:\WINDOWS\System32\Wbem;C:\WINDOWS\System32\WindowsPowerShell\v1.0\;C:\WINDOWS\System32\OpenSSH\;C:\Program Files\Git\cmd;C:\Program Files\nodejs\;C:\ProgramData\chocolatey\bin;C:\Program Files\MySQL\MySQL Shell 8.0\bin\;C:\Users\Wipro\AppData\Local\Microsoft\WindowsApps;C:\Users\Wipro\AppData\Local\Programs\Microsoft VS Code\bin;C:\Users\Wipro\AppData\Local\Programs\Windsurf\bin;C:\Users\Wipro\AppData\Roaming\npm;C:\minikube;C:\minikube;C:\ProgramData\chocolatey\lib\maven\apache-maven-3.9.11\bin;C:\Program Files\PostgreSQL\17\bin;C:\Program Files (x86)\Intel\Intel(R) Management Engine Components\DAL;C:\Program Files\Intel\Intel(R) Management Engine Components\DAL;C:\Program Files\Docker\Docker\resources\bin;C:\Program Files\GitHub CLI\;C:\Program Files\MySQL\MySQL Shell 8.0\bin\;C:\Users\Wipro\AppData\Local\Microsoft\WindowsApps;C:\Users\Wipro\AppData\Local\Programs\Microsoft VS Code\bin;C:\Users\Wipro\AppData\Local\Programs\Windsurf\bin;C:\Users\Wipro\AppData\Roaming\npm;C:\Program Files\PostgreSQL\17\bin;C:\Users\Wipro\AppData\Local\Programs\cursor\resources\app\bin;C:\Users\Wipro\.dotnet
USERNAME=Wipro
OS=Windows_NT
PROCESSOR_IDENTIFIER=Intel64 Family 6 Model 142 Stepping 10, GenuineIntel
TMP=C:\Users\Wipro\AppData\Local\Temp
TEMP=C:\Users\Wipro\AppData\Local\Temp




Periodic native trim disabled

---------------  S Y S T E M  ---------------

OS:
 Windows 11 , 64 bit Build 26100 (10.0.26100.7019)
OS uptime: 1 days 2:10 hours
Hyper-V role detected

CPU: total 8 (initial active 8) (4 cores per cpu, 2 threads per core) family 6 model 142 stepping 10 microcode 0xf6, cx8, cmov, fxsr, ht, mmx, 3dnowpref, sse, sse2, sse3, ssse3, sse4.1, sse4.2, popcnt, lzcnt, tsc, tscinvbit, avx, avx2, aes, erms, clmul, bmi1, bmi2, rtm, adx, fma, vzeroupper, clflush, clflushopt, hv, rdtscp, f16c
Processor Information for the first 8 processors :
  Max Mhz: 1896, Current Mhz: 1696, Mhz Limit: 1687

Memory: 4k page, system-wide physical 8035M (563M free)
TotalPageFile size 18438M (AvailPageFile size 0M)
current process WorkingSet (physical memory assigned to process): 176M, peak: 218M
current process commit charge ("private bytes"): 308M, peak: 346M

vm_info: OpenJDK 64-Bit Server VM (21.0.9+10-LTS) for windows-amd64 JRE (21.0.9+10-LTS), built on 2025-10-21T00:00:00Z by "admin" with unknown MS VC++:1942

END.
